,0
0,https://blog.naver.com/blossomnn/222204199186
1,https://blog.naver.com/qls1021/222216086056
2,https://blog.naver.com/nidduguy/222215890461
3,https://blog.naver.com/psk2109/222204386338
4,https://blog.naver.com/dbrrkq12/222208287335
5,https://blog.naver.com/yoobo1234/222211103126
6,https://blog.naver.com/ylasdfg1234/222210561673
7,https://blog.naver.com/znzlwoa35/222223056956
8,https://blog.naver.com/gyfhx/222214630007
9,https://blog.naver.com/dasanpartner/222211460802
10,https://blog.naver.com/goddls070/222222103807
11,https://blog.naver.com/traveler_01/222215650757
12,https://blog.naver.com/astro_sexy/222217144872
13,https://blog.naver.com/switchonu/222221326922
14,https://blog.naver.com/niceinyoung/222217565997
15,https://blog.naver.com/hhs_1226/222223200271
16,https://blog.naver.com/opag0322/222222720876
17,https://blog.naver.com/seoniary/222200289605
18,https://blog.naver.com/rbdud976/222202852916
19,https://blog.naver.com/seoulbjh/222218100226
20,https://blog.naver.com/zaizzaiz/222209308954
21,https://blog.naver.com/lovely_peace/222200485968
22,https://blog.naver.com/mellongi123/222226339632
23,https://blog.naver.com/goddls070/222226659614
24,https://blog.naver.com/wngnlsla/222225825072
25,https://blog.naver.com/seoulbjh/222226236109
26,https://blog.naver.com/xamjang/222196525367
27,https://blog.naver.com/0910seo/222195188118
28,https://blog.naver.com/timein2/222203990619
29,https://blog.naver.com/arom282/222210275744
30,https://blog.naver.com/isoflowers/222210567179
31,https://blog.naver.com/masterpiece1213/222222376225
32,https://blog.naver.com/hhan_e/222218782756
33,https://blog.naver.com/pitong/222218182589
34,https://blog.naver.com/ciao_camelia/222192299925
35,https://blog.naver.com/luvvjoo/222204333001
36,https://blog.naver.com/funny0147/222209654089
37,https://blog.naver.com/syh7021/222149908697
38,https://blog.naver.com/zpfhfh92/222192310450
39,https://blog.naver.com/peridot0818/222221838609
40,https://blog.naver.com/leemiseon94/222214295167
41,https://blog.naver.com/march__9/222212232349
42,https://blog.naver.com/xamjang/222197735684
43,https://blog.naver.com/torowe/222218557697
44,https://blog.naver.com/jodash131/222217690665
45,https://blog.naver.com/llllstyle/222207579040
46,https://blog.naver.com/1carrotcake1/222205328599
47,https://blog.naver.com/yuckoo/222211387428
48,https://blog.naver.com/spris1124/222195069362
49,https://blog.naver.com/i_willgo/222226779754
50,https://blog.naver.com/gml61/222197464001
51,https://blog.naver.com/twowintop/222219889872
52,https://blog.naver.com/lhvvolli/222217680635
53,https://blog.naver.com/magicnmagic/222218795289
54,https://blog.naver.com/lomi5700/222196083333
55,https://blog.naver.com/pnyaun86/222198481399
56,https://blog.naver.com/chceka/222210392729
57,https://blog.naver.com/dkfma4295/222208731390
58,https://blog.naver.com/yunee1128/222207381300
59,https://blog.naver.com/staybystay/222211873022
60,https://blog.naver.com/sokr5657/222222393625
61,https://blog.naver.com/minorria/222205628286
62,https://blog.naver.com/gfsghjff/222215918373
63,https://blog.naver.com/zmaal55/222225108873
64,https://blog.naver.com/hj1615817/222213811257
65,https://blog.naver.com/seongge/222207434878
66,https://blog.naver.com/ddddd102/222226623867
67,https://blog.naver.com/blog_su/222196359580
68,https://blog.naver.com/yysyhj98/222209831332
69,https://blog.naver.com/h9pkec/222201390130
70,https://blog.naver.com/somdaworld/222226803498
71,https://blog.naver.com/gpflsl_/222209914923
72,https://blog.naver.com/qkrdms5god/222201443051
73,https://blog.naver.com/switchonu/222220098073
74,https://blog.naver.com/ppidick81/222199636187
75,https://blog.naver.com/alvl0415/222210756457
76,https://blog.naver.com/hanhy353535/222220601078
77,https://blog.naver.com/joy_9372/222200403640
78,https://blog.naver.com/sooyeonly/222192765529
79,https://blog.naver.com/seoulsba/222200882429
80,https://blog.naver.com/p_923/222226748155
81,https://blog.naver.com/qhdusdl001/222192206070
82,https://blog.naver.com/sarah15910/222193154917
83,https://blog.naver.com/proinvest/222206229299
84,https://blog.naver.com/xamjang/222197761607
85,https://blog.naver.com/goddls070/222222944499
86,https://blog.naver.com/cmalsgk18/222226425733
87,https://blog.naver.com/hye_216/222213849312
88,https://blog.naver.com/ban__di/222214243334
89,https://blog.naver.com/we_drink/222211369900
90,https://blog.naver.com/ljjtop4187/222195044266
91,https://blog.naver.com/smat4/222216833901
92,https://blog.naver.com/hshs5850/222217705447
93,https://blog.naver.com/xamjang/222211819497
94,https://blog.naver.com/sora7202003/222211766698
95,https://blog.naver.com/dusrlwk2021/222202632590
96,https://blog.naver.com/april4am0712/222226270449
97,https://blog.naver.com/jamie_13/222200167708
98,https://blog.naver.com/din_5/222206871325
99,https://blog.naver.com/annhong1017/222218617221
100,https://komsco.tistory.com/1433
101,https://blog.naver.com/lovelyn2627/222217402541
102,https://blog.naver.com/wggsbn90/222195727191
103,https://blog.naver.com/sunonthetree/222197435186
104,https://blog.naver.com/sincerely_sr/222215490236
105,https://blog.naver.com/dear_myforest/222197623912
106,https://blog.naver.com/loveyougrace/222214514151
107,https://blog.naver.com/wan9212/222209277776
108,https://blog.naver.com/bona_hje/222225601596
109,https://blog.naver.com/eselium07/222210446454
110,https://blog.naver.com/a6969235/222200386179
111,https://blog.naver.com/jjawnet/222213137194
112,https://blog.naver.com/i_am_angelina/222220307866
113,https://blog.naver.com/w_bell/222205300774
114,https://blog.naver.com/press_won/222200882025
115,https://blog.naver.com/lhojoon0817/222226977975
116,https://blog.naver.com/switchonu/222222776892
117,https://blog.naver.com/lovely_esol/222226973080
