date,star,text
2022-11-27,5,선물로 구입했는데 빠르고 안전하게 왔어요 감사합니다
2022-11-24,5,선물로 드렸어요 너무 만족하셨답니다
2022-11-22,5,포장 꼼꼼하고 고급져보임
2022-10-27,5,선물용으로 좋아요
2022-10-14,4,배송 빠르고 선물용으로 샀는데 좋아보입니다
2022-10-23,4,도수가 높아서 걱정했는데 드셔보신 분께서 좋다고 하시네요
2022-10-07,5,여행가서 먹을려고 아껴 두고 있습니다 포장이 잘 되어서 도착했습니다 감사합니다
2022-10-12,5,수업용으로 사용하기 위해 구입했는데 전통주라서 인터넷 구입이 가능 하네요상품 잘 도착 했습니다
2022-10-22,5,역시감홍로 죽입니다
2022-09-28,4,식당에서 먹어보고 너무취향이라 시켰습니다식당에서 시킨것보다 내용물이 좀 적은것같은 듯한데 느낌이겠죠
2022-10-01,5,선물 받으신 분이 좋아하십니다 ㅎㅎ
2022-09-20,5,배송빠르고좋아요ㅎㅎ
2022-09-16,5,독하지만 뒤끝없는 좋은술
2022-08-24,5,아직 맛은 못봤지만 기대됩니다
2022-09-09,5,선물로 샀는데 괜찮아요
2022-08-29,5,계피향이 나는 매우 맛있는 전통주입니다 잘 마실게요
2022-08-26,5,맛있어요 선물용으로 좋아요
2022-08-30,5,조아요 조아요 조아요
2022-08-29,5,상품 배송 모두 만족합니다
2022-07-28,5,쇼핑백까지 주시네요 선물로 딱입니다 ㅎㅎ
2022-07-25,5,한잔 마실때마다 향이 올라오니 좋네요
2022-07-15,5,선물했습니다꼼꼼한 포장 감사합니다
2022-07-01,5,아버지께 선물드렸는데 매우 좋아하셨어요
2022-05-30,5,선물햇구요 만족하시네요 감사합니다
2022-06-04,5,감사합니다 잘 마시겠습니다
2022-05-25,5,잘 마셨습니다 ㅎㅎ
2022-05-15,5,잘먹겠습니다 감사합니다
2022-04-16,5,총알 배송 굳안전 배송 굳굳선물용으로 딱이네요
2022-05-12,5,상품디자인 구웃 선물용으로쵝오
2022-04-11,5,감사합니다 귀한 술이니 만큼 귀한 시간 귀한 사람과 함께 하겠습니다
2022-05-07,5,맛있게 잘 먹었습니다
2022-03-26,5,아버지와 조선 3대 명주 먹어보기 중인데 역시 3대 명주중 최고라는 감홍로인것 같습니다
2022-03-29,5,처음먹어보는데 정말 맛있네요
2022-04-18,4,좋습니다ㅎㅎ잘먹을게요
2022-02-23,5,아주 맛있게 먹었습니다 포장도 꼼꼼히 보내주셨구요 상당히 높은 도수임에도 특유의 향과 맛으로 거북함이 없습니다
2022-04-01,5,선물받은 분이 좋아했어요
2022-03-26,5,술맛이 기가막힙니다 향도 굿
2022-02-24,4,부모님께 선물했어요 마음에들어하셔서 기쁘네요
2022-02-16,5,포장도 단단히 해서 보내주셨네요부모님 선물로 드릴려구요
2022-03-17,5,먹었보진 않았지만 맛있을것 같아요
2022-02-17,5,맛있어요이거좋아해요
2022-03-03,5,선물용으로 너무좋습니다 받으신분이 만족하시네요
2022-01-24,5,다행히 빨리 왔네요배송기사님이 그날 10시가 되도록저희꺼 딱 하나만 배송안해주셔서직접 찾아오긴 했는데아직 먹어보진 않았지만 기대중입니다병도 너무 이뻐요
2022-03-07,5,선물용으로 구매했어요 좋아요
2022-02-24,5,온 가족이 다 같이 먹기 너무 좋아요모임 있을때 한번 더 구마 하려고요
2022-01-26,5,배송상태 넘 좋구요 안에 확인해보니 감홍로도 안전히 왔네요  좋은 선물할게요  번창하세요
2022-02-10,5,선물로 드렸는데 매우 좋아하셨네요
2022-01-30,4,약주느낌 물씬나서 어르신들 좋아요
2022-01-14,5,첫 전통주인데 왜 이제야 알았을까요 올 설 선물로 돌려야겠어요 ㅋㅋ
2022-01-26,5,병도 너무 예쁘고 선물 받은 사람도 좋아합니다
2022-01-26,5,선물 드렸는데 좋아하시네요
2022-02-04,5,맛있게 잘 먹었습니다 재구매 의사 있습니다
2022-02-10,5,병이 너무 예뻐서 개봉두 못하구 있네요
2022-01-06,5,포장 사이언쓰담주에 선물할껀대 좋아했으면 좋겟어요꼼꼼하게 포장되서 아주 만족합니당
2022-02-08,5,선물로 최고에요
2022-01-29,5,포장도 선물용으로 꼼꼼하게 해주셨네요
2022-01-10,5,선물로 드렸더느 좋아하세요
2022-01-07,5,단체 주문했는데 배송관련해서 택배 파업에도 불구하고 사장님께서 직접 신경써주셔서 잘 받을 수 있었습니다 매우 감사합니다
2021-12-23,5,꼼꼼하게 포장되어서 왔네요 배송도 빠르구요다 마시면 또 주문할께요
2022-01-18,5,또 먹어도 너무 맛있음
2021-12-14,5,10년도 전에 전통주 축제에서 만난 이후로감홍로는 항상 제가 가장 사랑하는 전통주였습니다이번에 급히 필요한 일이 있었는데 다행히 시간에 맞춰 배송을 받았습니다의미있는 자리에 감홍로와 함께 할수 있어서 다행이었습니다항상 좋은 술을 즐길 수 있게 해주셔서 감사합니다
2022-01-13,5,부드러운 목 넘김  향이 좋습니다
2021-12-04,5,일단 병 자체가 너무 예쁘네요 도자기가 맛도 굳 추천입니다 선물로도요
2021-12-16,5,개인적으로 마셔본 전통주 중에 최고라 생각합니다
2021-12-28,5,전통주 배송되는거 짱조아요 선물 잘했어요
2021-12-07,5,오늘 지인들과의 연말 송년회자리에 가져갈겁니다 아주아주 기대가 됩니다ㅋㅋ
2021-11-24,5,2번째 주문인데 먹을때마다 향이 좋아 찾게되네요 좋은 술 보내주셔서 감사드립니다
2022-01-04,5,겨울에 따뜻하게 마시기 좋아요
2021-12-27,5,빠른배송 감사합니다 선물하였습니다
2021-10-16,4,선물용으로 구매했습니다 생각보다 배송이 많이 늦었지만 제품은 잘 받았습니다 직접 마셔보진 못 하지만 예전에 선물했던 지인의 얘기로는 향이나 목넘김이 좋았다고 하며 아주 만족해했던 기억이 있어 다시 구매했습니다
2021-12-25,4,향에 대해 호불호가 있을 수 있습니다
2021-12-17,5,팀 회식 때 먹을려고 사서 아직 맛은 못봤지만기대하고 있습니다
2021-11-25,5,건강한 술을 맛있게 먹을수 있는 좋은술이네요
2021-12-11,5,특별한날 마시기 좋아요
2021-12-09,5,맛이진하고 좋습니다
2021-12-01,5,어른들이랑 잘 먹었어요 약주네요
2021-12-05,5,술맛좋습니다 많이 판매하세요
2021-11-17,5,향긋하고 부드러워서 술 잘 못마시는 저도 거부밤없이 한모금 먹을수 있었어요 높은 도수에 비해 정말 부드러운 느낌이에요
2021-11-24,5,맛있네요 주변에 선물해드리고 싶어요
2021-11-02,5,건강한 술을 먹는듯한 맛입니다백세주처럼 향을 좋아하시는 분들이라면 추천합니다
2021-11-24,5,백스피릿보고 샀는데 만족스러웠습니다
2021-10-24,5,아버지께서 좋아하셔서 재구매했어요
2021-11-02,4,유명한 술이라 구입했는데 저희한테는 너무 독하네요 그래도 계피 향은 좋았습니다
2021-11-02,5,병이 고급스럽습니다 아직 마시지는 않았고 조만간 친구들과 먹으려고 합니다
2021-10-18,5,고급스러워서 선물용으로 아주 적합해 보입니다
2021-11-06,5,부모님이 너무 좋아했너요
2021-10-26,5,엄청 빨리 도착햇어요선물용이었으나 동생이 다 마신건안비밀
2021-10-30,5,아버지께 선물로 드렸는데 만족합니다
2021-10-25,5,생각보다 괜찮은거 같습니다이거먹고 세명이 코알라 됐습니다
2021-10-29,5,배송도 빨랏던것 같고 만족합니다
2021-10-27,5,선물용으로 꽤 괜찮았습니다
2021-10-09,4,좋은 재료 장인의 손길
2021-10-21,5,병이 예쁘네요 맛있을것같아요
2021-10-14,5,명불허전이네여 유명한건 다 이유가
2021-10-07,5,감사합니다병이너무 예뻐요
2021-10-08,5,백스피릿보고 시켰는데 병도 이쁘고 선물용으로 굿
2021-10-07,5,추석에 생신 선물겸 보냈는데 좋아하셨어요
2021-10-07,5,빠른배송감사합니다
2021-09-23,3,배송이 늦습니다 결재 후 다음날 제품을 택배에 맡깁니다 사흘 이상 여유 두셔야 합니다
2021-09-27,2,먹어본분의 의견입니다평이좋아 기대가컸는데 술이 맵다고ㅡㅡ하시더라구요ㅎㅎ
2021-10-04,5,배송빠르고 좋읍니다
2021-09-15,5,포장부터 고급져요 감사해요
2021-09-27,1,명절 선물하시려면 최소 한달전에 하세요 세월아 네월아
2021-09-20,5,이번이도 좋은 선물이 되었네요 감사합니다
2021-09-24,5,그냥 맛있음 또먹고싶다
2021-08-28,5,넘 좋은 선물했습니다 감사합니다
2021-08-23,5,고급진 느낌으로 아주 맛잇엇음포장도 꼼꼼해서 맘에듬
2021-08-15,5,포장도 꼼꼼하고 술병도 고급스럽고맛은 진짜 대 만족 입니다
2021-08-09,5,바닐라 아이스크림과 함께 맛보았는데 정말 잘 어울려서 놀랐습니다 좋은 술 보내주셔서 감사합니다
2021-07-22,5,전통주감홍로는 비싼돈주고마시던 위스키보다 훨씬 맛이좋습니다 목넘김향  어느것도 빠지지않네요강추합니다
2021-07-24,5,친구놈한테 선물로 보냈더니아주 좋아라 하더군요향기롭고 부드럽고 진한 술맛
2021-07-14,5,애주가 지인에게 선물했는데요 병도 예쁘고 아까워서 아직 마시지 못하고 있다고하네요 ㅎㅎ
2021-07-16,5,좋아요 단골입니다 최고요
2021-06-26,5,가성비 최고이고 선물용으로 좋아요
2021-06-16,5,예전에 가게에서 먹고 좋아서 여름에 놀러 갈 때 마실려고 샀습니다안전하게 잘 와서 좋았네요 잘 마시겠습니다
2021-06-19,5,맛있어요 도수가 높지만 최고입니다
2021-06-18,5,잘 쓰겠습니다
2021-05-20,5,한달을 넘길 정도로 술이 남지 않아요 다들 애주가라  너무 부드럽고 너무 좋아라해요 또 주문하겠습니다 ㅋㅋㅋ
2021-05-08,5,어버이날 선물로 드렸어요 좋아하시네요 
2021-05-18,5,감홍로 최고의 술입니다선물용으로도 좋아요
2021-05-12,3,진한 계피향이 느껴져서 낯설긴 했지만 잘 마셨습니다
2021-05-10,5,이번이 두번째 구매인데 아주 좋네요
2021-04-06,5,선물용으로구매햇어요 좋은선물되기를 ㅎㅎ
2021-05-03,5,내 가슴을 때리는 맛 훅훅 레프트 훅
2021-04-30,5,구흣이요 젛아요  사보세요
2021-03-23,5,향 술빛깔목넘김 모두가 매우 훌륭합니다 별 다섯개도 모자르네요 이런 전통주를 왜 이제야 알았는지 속상하네요
2021-03-28,5,개봉했을때 계피향이 확실히 확 올라옵니다은은한 단맛도 느껴지고 찐하네요
2021-04-05,5,선물용으로 고심했는데 좋아하시네요
2021-02-24,5,예술이네요 배송 파업 한다 만다 그래서 오래 걸일까봐 취소할까 말까 했는데 안하길 정말 잘했네요   와우 예술입니다  이래서 감홍로 감홍로 하는군요
2021-02-23,3,아이것은 맛이가 없어용
2021-02-10,5,전통주 아주 만족스럽습니다
2021-02-03,5,맛있습니다부드럽도깔끔재구매의사잇음
2021-02-08,4,배송 빠르고 좋와요
2021-02-05,5,전통주로서 느낌이 좋네요
2020-12-24,5,감홍로만의 매력이있습니다 한번도 구매하지 않은 사람은 있어도 한번만 구매하신 분은 없을 정도로 재구매의사가 확실한 맛입니다
2020-12-30,5,해마다 연말 집에서먹을 전통주를 준비하는데 포장정말 깔끔하고 안전하게 잘되어있내요맛보고싶은거 꾹았다가 낼 개봉예정
2021-01-18,5,만족스럽습니다 잘 마셨습니다
2020-12-30,5,감홍로 참 맛인씁니다 ㅎㅎ
2020-12-13,5,빠른배송감사해요 술맛이끝내주네욥
2020-11-14,5,계피향 싫어하시면 안좋을 수 있어요구매하실 분들은 참고하시구요도수가 세지만 목넘김 좋고 천천히 음미하면서 드셔야 좋아요자꾸 생각나는 맛
2020-12-31,5,선물용으로 만족했습니다
2020-11-28,5,추석연휴때 친지와 함께 마셨는데 좋은 선택이라는 생각이 들어서 만족스럽습니다 이기숙명인님 앞으로도 좋은 술 계속 부탁드립니다
2020-09-24,5,배송 빠른 편이고 깨진 것 없이 잘 도착했고 무엇보다 포장이 친환경적이라 좋았습니다배송 중 깨질 가능성도 있겠지만 에어캡 대신 종이상자와 종이를 겹쳐 배송한 점이 참신했습니다 제품이 들어있는 안쪽 상자에도 공간을 띄운 부분에 종이가 들어가 이중구조로 깨질 위험성을  줄이신 것 같아요맛은 아직 안봤지만 예전에 주류박람회에서 명인님을 직접 뵙고 시음한 기억이 있어 믿고 구매했습니다 그 당시 술병디자인 그대로라 더 정감이 가고 맛도 변치 않았을 거라 생각합니다나중에 또 재구매 하러 오겠습니다
2020-12-17,5,지인 생일 선물로 준비해봤습니다
2020-11-13,5,감홍로 맛이 좋습니다 자주 먹어야겠어요
2020-12-08,5,병도 고급스럽고 맛있네요
2020-11-29,4,나쁘지않아요 계피향이 좋음
2020-10-29,5,잘 받앗어요 선물한가라서 맛은 아직 몰라요
2020-11-25,5,깔끔한맛이고 숙취도없어요
2020-10-22,4,선물하려고 구매했어요 좋아하실것 같아요
2020-11-10,5,향이좋구 맛이 좋네요
2020-11-10,3,생각했던맛이 아니에요 저한텐 부담스러운 맛ㅠㅠ
2020-10-23,5,가장 좋아하는 전통주 중 하나입니다 추석때 가족과 친척들과 함께 마셨는데 좋았습니다 좋은 술 만들어주셔서 항상 고맙습니다
2020-10-27,5,선물용으로 샀는데 배송도 빠르고 포장도 꼼꼼하게 잘 되어있네요
2020-09-25,5,제품 좋아요 아버지 만족
2020-09-28,5,선물받으신분이좋아했습니딘
2020-10-11,5,좋아요 일반전통주와는 차이가확실하네요
2020-10-09,5,선물로 줬는데별 말 없는 거 보면 맛있는 듯
2020-10-12,5,아주 좋습니다 감사하바니다
2020-09-20,5,선물하려고 사서 맛은 잘 모르겠어요 홍시나 싶어서 포장 열어봤는데 병이 깨끗하지 않아서 닦아서 선물했어요
2020-10-02,4,40도의 강렬한 느낌 고려시대의 기상이 느껴지네요
2020-10-11,5,좋습니다 아주아주
2020-09-29,5,맛도 좋고 빠른배송 감사합니다
2020-09-26,5,아직마셔보진안았지만기대되네요안깨지고잘왔어요
2020-10-02,5,포장 튼튼하게 왔고 술도 향이 좋습니다
2020-09-24,4,전에 마셔보고 좋아서 선물했어요약술같고 도수 높아요
2020-08-06,5,연어회랑 같이 먹을 술을 찾다가 조선 3대 명주라 해서 구매해봤습니다 다른 고도주는 먹은 적이 없어서 비교도 완벽한 평가도 어렵지만 제 기준에선 좋은 술입니다 계피향을 싫어하시는 분들은 불호일 가능성이 높아구매를 자중하시는 게 좋습니다 도수는 느끼기 어렵다고 하지만 입에 머금고 넘기면 식도와 위장의 위치를 알 만큼 독합니다 첫 입에서 에탄올의 강한 향이 올라오고 뒤에서 계피의 강렬한 여운이 입에 남습니다 계피를 좋아하지 않지만 이 술을 좋은 술이라 생각한 이유는 이걸 먹고 아버지와 깊은 대화를 나눌 수 있었습니다 술을 마시고 좋은 분위기에서 기분 안 상할 정도로 진솔한 대화를 나눌 수 있을 취기를 선사한 술이라면 좋은 술이 아닐까요 확 달아올랐다가 은근하게 식는 술이 참 좋은 거 같습니다 경험을 망설이신다면 추천드리고 싶습니다
2020-09-28,5,좋은 술을 좋은 가격에 살 수 있는 기회여서 참 좋았씁니다
2020-09-22,5,아버지가 최애하시는 술입니다 약초도 들어가서 향이 좋대요
2020-09-24,5,선물드린거라 제가 받진 못했지만 만족스러워 하셨습니다
2020-09-28,5,아버지랑 한번 잘 마져보겠습니다기대가 큽니다
2020-09-25,4,포장도 잘 되어 왔고 배송도 빠르네요
2020-10-01,5,3대명주 역시 이름값 하네요
2020-09-28,4,선물용으로 최곱니다
2020-09-23,2,선물하면 욕먹을 듯
2020-09-25,5,잘 받았어요 감사요
2020-10-11,2,향이 강한데 좋은 향이 아님
2020-09-07,5,잘받았습니다감사합니다
2020-09-20,5,포장은 안 깨지게 잘 되어서 왔습니다 맛이 기대되네요
2020-09-08,5,맛있게 잘 먹었어요
2020-09-06,3,아직 마셔보진 못해서 3점 줬어요
2020-08-21,5,생각보다 향이 쎄네요그래도 맛있어요
2020-07-27,4,기대했던 맛과 향은아니었지만 좋은술이라는게 느껴져서 좋았어요
2020-07-27,5,매번 선물할때마다 칭찬 받고 있습니다 다들 너무 좋아하셔서 저도 덩달아 기분이 좋아져요 저도 마셔보았는데 너무 좋습니다
2020-08-18,5,배송이 꼼꼼하게 잘되어 왔습니다
2020-07-26,5,비싸긴하지만 먹어볼만한 술이다
2020-07-21,4,양가 인사 선물로 주문했는데 어른들이 좋아하셨어요 다만 같이 온 종이가방이 불량이라 속상했네요
2020-07-14,4,생각했던 맛과 향이 아니어서 4점
2020-07-21,5,선물용으로 샀어요 좋아요
2020-07-11,4,한국에도 이렇게 고급진 술이 있었네요 한번쯤 먹을만 해여 약재향이 그렇게 거슬리진 않아여
2020-06-27,5,매우맷있엉6 나중에 또삽니다
2020-07-05,5,아직 마셔보지 못해봤지만 포장잘되서 배송 잘되었습니다
2020-06-27,5,고급스러운 포장과 조선3대주에 걸맞는 맛이 좋았습니다
2020-07-02,4,빠르게 잘 받았습니다
2020-04-13,5,40도확실히 독주는 독주네요 ㅠ 워낙 독한술을 못먹어서 먹기힘들었지만 향과맛이좋네요  물에타먹어도 된다는데 저는 타먹지는않았고 소주잔으로 한잔만 깔끔히 마셨어요섬세한 회랑은 안어울리고 육고기와잘어울리겠어요 달콤한 디저트도 좋아요 저희는 코스마지막 디저트에 같이먹으니 부드럽게 잘마무리되었어요
2020-06-11,4,배송 빠르고 진짜 맛있네요
2020-06-06,5,맛있어요 진짜 흥미루운맛이에요
2020-05-19,5,한약재 향이 많아서 거부감이 있을 것이라 생각했는데 목넘김이 25도 술 같이 부드럽고 향도 불편하지 않아요 고급스런 향과 맛 못넘김이 있습니다 그래도 한약재 향은 전혀 안난다고 볼 수는 없어요
2020-06-11,5,조선3대 명주답습니다
2020-05-31,5,선물용으로 너무 좋아요
2020-04-21,5,아주 맛이 좋아요 약간 계피향도 나고 고급스런 맛이네요
2020-05-31,5,너무 좋아요 
2020-05-02,5,빠른 배송 만족합니다
2020-05-10,5,선물용으로 구매했는데 너무 좋아하시네요
2020-05-06,5,아주좋네요 나중에 또 이용할게요
2020-05-03,5,한 5번째 구매하고 있습니다 중요한 날 선물로 제격입니다
2020-04-18,5,3대 명주 중 으뜸이라 구입했습니다
2020-05-01,5,역시 명주라 그런가 목 넘김도 좋고 맛있네요
2020-04-17,5,40도이지만 목넘김이 아주 좋고 향이 좋습니다 재구매 각 손님대접에도 좋네요
2020-04-14,5,선물용으로샀습니다
2020-05-04,3,궁금해서 샀는데 그저 그랬음
2020-04-11,4,위스키 마시는 느낌 튀긴 안주와는 별로
2020-04-08,5,포장도 꼼꼼하고 다음날에도 편해요
2020-04-25,5,기대이상입니다 추천드려요
2020-04-27,5,좋은 술 잘샀습니다 감사합니다
2020-03-21,5,너무좋아서 벌써 10병째 입니다 선물용으로도 좋아요
2020-04-05,5,향이 좋고 좋은 술같은데 독주를 잘 못마셔서인지 한잔씩만 마셨어요 저같이 술 잘 못하시는 분들은 칵테일이나 물에 희석해 드셔야할거에요
2020-04-12,5,포장 안전하게 잘 왔습니다 선물용이었는데 다행이에요
2020-04-20,5,좋아요 정말 맛있어요
2020-03-24,5,최고입니다 감홍로 좋아요
2020-04-16,3,남자친구가좋아해요오오
2020-03-31,5,괜히 조선 3대 명주 중 으뜸이 아닙니다 40도란 알콜도수가 안느껴지는 목넘김에 속으로 들어가 가슴깊이 따스해지는마구 마시는 술 보단 천천히 즐기는 차와 같은 술입니다
2020-03-26,5,맛있게 잘 먹었습니다 ㅎㅎ
2020-03-15,5,아버지 생신선물로 드렸는데 너무 좋아하십니다
2020-02-26,5,선물용으로 샀는데 종이백도 함께 와서 그대로 전달하기 좋았습니다 받은 사람이 감홍주를 마셔보고 아주 만족했습니다
2020-03-31,5,지난 구정 때 사서 갔는데양가 부모님들 모두 만족해하셨어요
2020-03-31,5,자기전에 마시면 딱좋네요
2020-04-08,5,좋아요
2020-03-23,5,향도 맛도 너무 좋네요
2020-03-19,4,선물로 드렸드니 만족해하시네요
2020-02-19,3,사진그대로입니다 약주하기 좋아요
2020-02-16,5,향이 좋고 술 마시는 맛이 좋습니다
2020-02-17,4,가족 식사가 있어서 구매해서 다같이 먹어봤습니다 제입엔 괜찮은데 호불호가 갈리는 맛이네요 한약맛이 나서 싫어하시는분은 못드시더라구요 목넘김은 부드럽습니다
2020-02-29,5,사실 선물을 드린거라 맛은 본적이없지만패키지가 이쁘다며 만족해주셨습니다
2020-03-02,5,받으신분이 좋아하셨음 고로 만족
2020-03-26,5,상태좋고 제품좋고 배송좋고
2020-01-13,5,선물용으로 샀는데 포장도 고급스럽고 병도 이쁘네요 추가 구매하려고 합니다 ㅎㅎ
2020-02-26,3,향이 좋고 목넘김이 좋네요
2020-02-12,5,그냥 저냥 먹던 그 감홍로다 간간히 생각날때 한두잔씩 하기 좋은 술
2020-01-23,5,선물용이라 자세히 리뷰는 어렵지만 병이 이뻐서 선물드리는 맛이 나는 술입니다
2019-12-23,5,조선 3대 명주로 유명한 감홍로 연말회식때 같이 마실려고 구매했네요 배송은 빠른편이고 택배는 전용박스에 안전하게 포장되어 배송되네요 식품명인 마크 똬왁 포장과 술병 도자기도 술명성에 맞게 고급지네요 잘 마실게요
2020-01-30,5,사실 선물로 보내드린거라서 먹어보지도 확인하지도 못했습니다만 예상된 시간에 정확히 잘 수령되었습니다 끝
2020-02-12,4,3대 명주답게 정말 맛있네요
2020-01-26,5,엄청 술이 붉은색일줄 알았는데 그건 아니였고 위스키 색이네요 맛또한 왠만한 위스키 보다 좋네요
2020-01-22,5,선물하기 너무 좋아요  이번에는 상자도 업그레이드 종이봉투까지 너무 좋습니다
2020-01-21,3,물건 잘 받았어요
2020-01-21,5,기대했던 것을 충족해준 아이템이었어요선물하기 정말 좋은 거 같아요
2020-01-21,4,선물용으로 사서 맛은 못봤어요 포장은 꼼꼼하고 배송은 빨랐습니다
2020-02-05,5,명절 선물 추천합니다
2020-01-27,5,선물로드렷습니다 좋아하셧으면 좋겟네요
2020-01-20,5,특별한날 마시려고 항상 구매하고 있어요다 마시면 또 주문할거에요
2020-02-15,5,아주아주 좋아요 맛나구요
2019-12-23,5,이건 진짜 물건입니다 정말 맛있습니다 특히 전이랑 같이 먹으면 끝장납니다
2020-01-16,5,설날때 아버지 약주로 드릴려고 샀는데 포장도 잘되있고 맛도 기대가 됩니다
2020-01-21,5,설선물로 구매했습니다
2020-01-09,4,술자체는 좋은데 포장이 안되있어서  걱정이네요 어떻게 들고가야할라는지
2020-01-18,5,받으셨던 분이 좋아 하십니다
2019-12-27,5,배송도 빠르고 연말에 먹기 좋았어요 부드럽기도 하고
2019-12-29,5,감홍로이름답게아주좋습니다
2019-12-30,5,배송도 빠르고 맛도 만족합니다
2019-12-28,5,빠른배송 감사합니다
2019-12-24,5,약초향이 좀 강하긴 한데 깊은맛은 있어요
2019-12-03,5,선물로 구매했는데 받는 분이 좋아합니다
2019-12-27,5,하이볼만드려고구매했어요
2019-12-12,5,진짜 약주의 끝인듯 향이 너무깊고맛있다
2019-12-12,3,빠른배송에 감사합니다
2019-12-04,5,선물용으로 샀는데 병디자인도이쁘고 괜찮은거같아요
2019-11-26,5,남편 생일로 준비했는데 술에서 꽃향기와 한약냄새가 난다며 너무 좋아하네요 
2019-11-19,5,아버지선물로 구매했습니다 ㅎㅎ
2019-12-08,5,3대명주 감홍로 너무맛잇어욥
2019-11-28,5,감사합니다 잘받았습니다  독하지만향은크
2019-11-12,5,2병 샀는데 한 병이 약간 셌어요 ㅠㅠ 저한테는 향이나 목 넘김이 너무 강한 편이었는데 독주 좋아하는 분들은 좋아하시네요
2019-11-25,5,3대 명주중 최고로 일컫는 이유가 분명하네요
2019-11-28,5,계피 향이 좋네요
2019-11-18,4,포장과쇼핑백없어서아쉬워요
2019-11-14,5,선물용으로 구매 했습니다 소중히 전달하겠습니다
2019-10-27,5,외국분께 선물하려고 샀어요 맛은 안 마셔봐서 모르겠는데 배송은 엄청 빠르고 좋았어요
2019-09-26,5,얼마 전 잡지에서 보고 찜해놨다가 고마운 외국분께 선물하려고 주문했습니다 병도 참 단아하니 예쁘고 사이즈가 작으니 귀엽기까지 해서 장식해놓기도 정말 좋을 것 같아요 조만간 아빠랑 같이 마실 것 주문하러 또 오겠습니다 전통을 지킨다는 게 정말 쉬운 일이 아닌데 애써주셔서 저희가 그 덕을 봅니다 점점 쌀쌀해지는 날씨에 건강 조심하시고 앞으로도 응원하겠습니다 감사합니다
2019-11-14,5,배송도 안전하게 왓어요 
2019-10-19,5,깊은 맛이 아주 좋습니다
2019-10-06,4,포장도 꼼꼼하게 왔고 택배도 빨리왔습니다 선물로 드린거라 맛은 잘모르겠지만 좋다고 하시네요
2019-10-13,5,좋아요잘먹을게요ㅎㅎ
2019-10-26,5,명불허전이네요 참으로 좋은 술이군요
2019-10-05,5,선물용으로샀는데 만족스럽습니다
2019-10-13,5,예단술로 엄청난고민끝에고른 술인데 포장이안되어 좀아쉽긴하지만 너무너무 향도좋고 좋아요
2019-10-09,5,선물용으로 샀는데 너무 좋았습니다같이 마신 사람들 모두 고급스럽다고 좋아했구요
2019-10-02,5,선물하기 좋은것 같아요향도 맛도 좋네요 다음에 또 구매 할게요
2019-10-13,5,포장꼼꼼히 잘왔어요
2019-10-12,5,계피향이 좋았습니다
2019-09-16,2,지인의 추천을 받아 구입하였습니다일단 목넘김이 위스키와 큰 차이가 없고맛도 인상적이지 못하였습니다숙취가 없는 점도 잘 모르겠습니다저는 개인적으로 가격이 더 저렴한 문경바람이 더 괜찮은거 같습니다
2019-10-01,5,외국분 선물로 구입했는데 정말 좋아하세요
2019-09-11,5,선물로 준비한거라 먹어 보진 않았지만 좋아 하실거에요ㅎㅎ
2019-09-20,5,처음 마셨을때 계피향이 진하게 나네요 깨지진 않았지만 포장이 좀더 꼼꼼했으면 좋겠어요 ㅋ
2019-09-04,4,선물로 준비한건데 배송은 안전하게잘왔구요 선물포장이 되었으면 더좋았을것같아요 포장까진아니더라고 쇼핑백이라도 있었으면 좋을것같은데 그부분이 아쉽네요
2019-09-11,4,선물용으로 샀어요 맛은 못보지만ㅠㅠ 선물용으로는 이쁘네요 들고 갈수있는 가방이 없어서 좀불편한점은 있네요
2019-09-25,5,맛에 한약재 밋을 많이 느낄수 있고 목넘김이 부드러워요
2019-09-01,5,안전하게 잘 포장되어 왔습니다선물용으로 구매했는데 좋은거 같습니다
2019-08-18,5,아부지 생신선물로 드렸어요ㅎㅎ 매일 소주만 드시다가 좋은 술선물받으시고 굉장히 좋아하시더라구요ㅋㅋ 한잔씩 나눠주신데서 가족끼리 첫잔받았는데 와 40도는 40도더라구요다들 고량주라며ㅎㅎ 목뒤로 넘어가면서 뱃속까지 홧홧해지더라구요 아부지는 계피향이 별로셨는지 약주로 가끔 한잔씩 아껴드시겠다하셨어요 선물용으로 좋은것같습니다
2019-09-19,5,도수가 이리 높은줄은 몰랐는데 그래도 맛이 참 좋네요
2019-08-30,4,선물하려고 샀는데  좋아요
2019-09-26,5,잘 받았습니다 
2019-09-21,5,색도 정말 이쁘고 맛있어요 ㅎ
2019-09-09,3,잘받았습니다 선물할꺼라서 맛은 모르겠고 쇼핑백도 있었으면 더 좋았겠네요 
2019-08-28,5,아주 좋습니다 아버지 선물 드렸더니 아주 맛있고 좋다고 하시네요 다음에 또 구매할 듯
2019-09-20,5,춘향전에 나온 그 술이군요
2019-09-12,5,선물용으로 샀습니다 고급스럽고 좋아요 
2019-09-15,5,계피향이 나면서 괜찮다고 하시네요
2019-09-06,5,배송도 포장도 좋으네요 당연히 맛도 좋아요
2019-09-07,5,선물용으로 사서 맛은 모르겠지만 포장도 꼼꼼하구 좋습니다 
2019-09-14,5,향이 강렬하고 괜찮습니다
2019-09-11,5,감홍로 맛있습니다 자주구매하네요
2019-09-11,5,명절때 먹으려고 샀어요 기대
2019-09-06,5,선물할거라서 맛은모르겠고 기대됩니다
2019-09-05,5,완전 향도 좋고 목넘김이 좋습니다
2019-07-30,5,두번다 선물용으로 구매했는데 맛있다고 하네요 한방울 시음해봤는데 저한테는 너무 써서 마실수가 없는
2019-08-11,5,포장도 깔끔하고 좋아요
2019-07-11,3,선물용으로 산거라 맛은 모르겠고 잘 왔습니다 포장에 조금 신경쓰면 선물하기 더 좋을텐데 아쉽네요 그리고 택배사가 cj인게 아쉽습니다 전화도 안왔는 데 경비실에 맡겼다고 문자왔네요 ㅋㅋ
2019-07-30,5,첫잔은 계피맛이 강한데 먹을수록 좋네요 다음날 숙취도 없어요
2019-07-29,4,사실 외국인 친구에게 선물로 준거라 맛은 확인못했어요 병이 이쁘다고 좋아하더라구요 배송은 무난했고 포장은 살짝 부실해보였지만 긁히거나 파손된 곳 없이 와서 만족합니다
2019-08-14,4,선물용 구매를 위해 쇼핑백을 제공하거나 옵션으로 판매해주면 좋겠네요
2019-08-22,5,역시 좋습니다 매력있네요
2019-08-08,5,향이 좋습니다 도수가 생각보다 세서 몇 잔 마시면 잠이 옵니다
2019-08-02,5,잘 마시겠습니다 
2019-07-04,4,마셔본게 아니라서 맛평은 못하지만 포장도 꼼꼼하고 좋아요 선물용으로 좋은거 같아요
2019-07-30,4,꽤 쎈 술이네요 그래도 가족들끼리 한잔씩 마셨는데 어른드께서 좋아하시네요
2019-08-08,5,궁굼해서 시켜봤는데 너무 괜찮네요
2019-08-03,5,선물용이라 마셔보진 않았지만 케이스 잎스네요
2019-08-08,5,격조 있는 맛입니다
2019-07-30,5,진짜좋네요 향도 예술이네요
2019-07-24,5,좋은 위스키를 먹는듯한 맛이었어요 약초형도 나고 달달하니 좋네요
2019-08-03,5,부드러운 목넘김이 좋습니다
2019-07-27,5,부모님 선물로 드렸는데 정말 좋아하시네요
2019-07-07,5,정말 맛있고 향이 좋아요 다음에는 여러병주문하려고 생각중 입니다 술병도 아주 예술적입니다
2019-07-29,5,맛있습니딘 술맛도 특이하고
2019-07-13,5,잘 받았습니다은은한 향과 부드런 목넘김이 매우 좋았습니다
2019-06-17,5,고급스럽습니다 포장도 잘해주셨네요
2019-07-06,5,갓홍로 마셔보지 않은자는 말을 말라 잭다니엘 저리가라다
2019-06-09,5,생각보단 향이 강하네요맛은 좋고 선물용으로 좋아요
2019-07-05,5,친구선물과 제꺼 두병샀는대너무 만족합니다
2019-07-04,5,내가 먹지는 않았지만 선물 받은분이 만족해 하시네요
2019-06-29,5,정말 좋아하는 술이고 인터넷으로 쉽게 살수 있어서 더 좋아요
2019-06-16,5,제가 감홍로를 너무 좋아해서 친구 신혼집 집들이 선물로 보냈는데 친구 입맛에는 맛았는지 모르겠지만 좋아하네요
2019-06-06,5,선물용으로 샀습니다 잘 받았습니다
2019-06-29,4,한번쯤은 마셔볼만한
2019-05-12,4,생각보다 향이 강해서 놀랬는데 암튼 뭐 사이다랑 섞어먹으니 목넘김은 좋았어요 한번 먹어봏만 한 것 같아요
2019-06-23,5,깔끔하고 향이 좋네요
2019-05-26,5,색갈이 예쁠뿐만아니라 향도좋고 맛도 좋습니다
2019-06-16,5,배송도 빠르고 포장도 잘되어서왔네요
2019-05-21,5,전통주는 안동소주 외에 처음 먹어봤는데 향이나 목넘김 전부다 20년산 이상의 위스키보다 못할게 없네요병도 이뻐서 선물용으로도 제격인듯 합니다
2019-06-11,5,좋아여좋은하루되세요
2019-06-07,5,맛이 쌀맛이 나면서 은근 도수 표기보다 쎄네요
2019-05-04,5,요즘 전통주에 관심생겨서 구매했습니다배송빠르고 좋아요
2019-05-27,5,배송도 빠르고 포장도 잘되있어 좋네요
2019-06-04,4,아버지가 좋아하세용
2019-04-21,5,선물용으로 구매했는데병도 예쁘고 다 좋았어요 포장이 조금만 더 완충재가들었으면 했지만 무사히 왔으니까요 ㅎ
2019-05-30,4,선물용이라 포장만확인
2019-05-29,3,저는 아직 입문할 단계가 아닌듯
2019-05-12,5,선물하기 좋아요다음에 또 구매할게요
2019-04-07,5,조선 3대 명주 중 하나인 감홍로강추 입니다
2019-05-12,5,선물용으로 주문했습니다감사합니다
2019-04-16,5,이이상 맛있는 전통주는 없습니다 명실상부 국내 전통주 원탑
2019-05-15,5,아버지 선물로 좋아하셨어용
2019-05-17,5,역시 감홍로 참 좋은 술입니다
2019-03-26,5,전통주가 맛보고 싶어 구매했는데 도자기병에 담긴것도 예쁘고 술 향도 좋았어요 도수가 높아 거의 마시지 못하고 입안에서 향만 즐기는 정도로 했는데 들어간 재료들의 향이 잘 느껴져서 좋았습니다
2019-05-13,5,여자들이 좋아하는술 병이 예뻐요
2019-05-12,5,배송빠르게잘왔어요 추천
2019-04-29,5,매번 행사있을때 구매하고 있습니다 매우 만족합니다
2019-05-06,5,포장도 깔끔하고 용기도 고급스러웠음
2019-04-24,4,시부모님께 선물드렸는데 넘 맛좋으시다고 쇼핑백동봉이 너무 아쉬워요
2019-04-27,5,한국전통주의 자랑스런 감홍로 존맛탱
2019-03-28,5,선물용으로 샀는데 정말 만족합니다깔끔하고 좋았는데 일단 포장이 정말 잘되어 와서 정말 좋았네요
2019-04-08,5,일단 상징적인 부분이 너무 좋습니다 그만큼의 맛 또한 깊습니다
2019-03-16,4,고급지고 좋아요 선물요이라 맞는 쇼핑백 절실합니다
2019-01-31,2,맛도 있고 3대 명주라는 타이틀도 좋은데보통 이 제품을 선물용으로 구매하시는 분들이 많을 거라고 예상합니다저는 총 3병을 주문했는데3병 모두 병 전면에 상처가 나서 왔어요물론 지금 포장된 모든 제품의 병들이 다 그렇게 되어있을거라고 봅니다사진을 전부 찍어놓긴했는데 뭔가 에러가 나서 업로드는 안되네요제품을 보고 정말 깜짝 놀랐습니다물건이 아무리 좋아도 패키지가 엉망이면 그 물건의 퀄리티도 낮아보이고 사고싶은 마음이 안생기는 게 당연한 순리겠지요그렇게 비싼 술이 아니어도 슈퍼에서 파는 3천원짜리 소주를 산 것도 아닌데 3천원짜리 소주의 패키지가 더 깔끔합니다술병도 까맣게 상처가 나서 줄이 그어진 채로 와서솔직히 화가 났어요전 선물할 용도로 구매했던 것이거든요판매자님 술병도 겉에 싸인 종이박스도 모두 저렴한 걸 사용하려고 한 마음은 백번 이해합니다만 마진을 생각해서 그런거라면 차라리 제품가격을 더 올리고 패키지를 제대로 해서 판매해주세요저처럼 선물용으로 구입했다가 선물하기 어려운 퀄리티를 보고 기분 나쁜 고객이 분명 많을겁니다부디 좋은 술을 몇푼의 포장비때문에 질낮은 술로 만들지 말아주세요무엇인가 물건을 판매한다는 것은 판매로 끝나는 게 아니라 그 판매에 대한 책임도 진다는 뜻입니다우리나라 3대 명주라는 타이틀에 걸맞는 모양새로 만들어주시길 부탁합니다 그 타이틀을 달아서 판매하는거라면 그 타이틀을 책임지는 마음도 함께 가져주세요
2019-04-19,5,ㅠ유터누머저툰코오너넝
2019-04-02,5,처음 좀 문제가 있었지만 배송처리도 나쁘지않았고 선물용으로 사용했는데 상대가 매우 좋아했습니다
2019-04-05,5,포장상태 좋아요 아직 먹어보진 못했어요
2019-04-02,4,맛이 좋습니다개취양이 조금 아쉽다란 생각이 드는군요
2019-03-15,5,감홍로는 진리입니다 벌써 8병째 주문했네요
2019-02-23,5,상상 이상이랄까조선3대 명주 첫번째 감홍로를 맛 보자마자6병 더 주문했습니다가족식사주로 당분간 상에 오르겠네요좋은 술 감사합니다 
2019-03-30,4,생각보다 아담한 병 좋은 우리 술
2019-04-08,4,괜찬하요좋네요오너너ㅜㄴ
2019-03-19,4,맛있어요 무엇보다 도자기가 너무 고급스럽구 이뻐요 ㅎㅎ
2019-01-30,5,배송은 2일정도 걸렸구요 바쁘신것은 이해하지만 진행단계도 잘 안넘어가서 좀 답답했어요 선물 드리려고 산건데 봉투하나 없이 와서  조금 그게 아쉽네요 그래도 좋은 술이니 만큼 앞으로도 계속 애용할 생각입니다
2019-02-24,4,선물용으로 구입했어요 종이상자 안에는 별다른 완충재가 없어서 제가 넣어서 포장 했네요
2019-03-29,5,선물받는분이 좋아하셧습니다
2019-03-16,5,아직 마셔보진 않았는데 잘 받았습니다 잔이랑 세트로 해서 더 예쁘게 나온 제품도 있었으면 좋겠네요
2019-03-15,4,좋아요 선물용으로 샀는데 만족합니다
2019-03-26,5,기다렸던거라 매우 기대되네요
2019-03-29,5,너무괜찬헨요호호호
2019-03-07,5,아직 안마셔봤지만 조만간 가족들모이면 마셔봐야겠습니다 도자기병이 예뻐서 일단 맘에 듭니다
2019-03-09,5,시아버지 생신선물했어요술못마시는데 요건 한잔마셔보니 한잔은 더마시고싶네요
2019-02-27,5,향발란스도좋고 어느비싼양주보다도 나은듯
2019-03-11,5,배송 2일정도 걸렸구요 포장도 깨지지 않게 잘 왔습니다
2019-03-18,5,깔끔한 포장과 맛이 좋았습니다
2019-03-13,4,배송포장 및 선물로 딱이에요
2019-02-25,4,향이 참 좋았습니다 다만 달콤한 계피향에 비해 술맛 자체는 기대와는 달라 아쉬웠네요
2019-03-08,5,명불허전 대한민국 최고의 명주
2019-01-27,5,추석에구입해서 4병선물했는데 설선물로 3병 또 구입했습니다 한병은 손님들하고 마셨는데 역시 감홍로 명불허전
2019-03-09,5,남은 술은 냉장고에 넣고 드시는데아직 좋다고 하시네요 
2019-02-11,5,선물용으로 산건데 종이쇼핑팩하나 들어있었음 좋겠네여 많이 파세요
2019-03-08,5,선물용으로 샀는데 좋아요
2019-02-26,5,최고의 전통주입니다 향도 좋고 목넘김도 좋습니다
2019-03-07,4,선물용으로 구매 좋아하네요
2019-01-31,5,선물할건데 쇼핑백도 있었으면 좋았을껄요ㅠㅠㅠ그점이 아쉬운것빼고는 선물용으로 고급스럽습니다시댁 어르신들께 드릴 선물이라 드리면서 별주부전에 자라가 토끼 꾀어낼때 쓰던 술이 바로 이 술이랍니다 춘향이가 이몽룡이랑 헤어지고 마시던 술이 이 술이랍니다 하니 되게 재밌어 하셨어요
2019-02-04,5,선물드릴려고 샀네요 좋은술이라고해서 구매합니다
2019-02-11,5,도자기 고급스럽고 술먹는 맛이 나네요
2019-02-24,5,칼 배송 좋았습니다 아직 먹어보진 않았지만 기대해볼게요
2019-02-23,4,배송도 빠르고 포장도 꼼꼼하게 잘 되어 있습니다포장백이 있으면 더 좋겠다는 생각이 드네요
2019-03-07,3,생각만큼은  목넘김은 부드러워요
2019-03-01,5,감사합니다 좋은선물될것같네요
2019-02-17,4,한국산 위스키네요먹을수록 약재냄새가 은은하게 나고 특히 계피로인해 약간매운맛도 있어요도수가있어독합니다
2019-03-03,5,역시 감홍로는 항상 맛이 좋습니다
2019-03-01,5,첫맛부터 끝맛까지 향도 최고입니다
2019-01-30,5,맛이 부드럽고 색상도 아름답네요 도자기 병도 멋집니다
2019-02-17,4,선물용으로 구입했는데 독한 술 치고는 부드럽고 한약재향이 좋다고 해요
2019-02-09,5,회식때 가져갔더니 스타됐어요
2019-02-27,5,감홍로 신세계네요
2019-03-02,5,아직  먹어보지 않아서
2019-02-21,5,설에 양가 어르신들께 선물 드렸는데 좋아하셧어요
2019-02-24,4,화한맛이 강하고 맛이 특이하네요
2019-02-10,4,던져도 안깨질듯한 박스포장 좋았습니다그리고 술맛도 좋아요 아까워서 아껴먹습니다ㅎ
2019-02-26,5,아직 먹어보지 못해서 모르겠음
2019-02-22,4,도수가 좀높지만 괜찮습니다
2019-02-02,5,잘 받았습니다 선물용으로 박스를 선택할 수 있으면 더 좋겠습니다
2019-01-30,5,선물 받으신 분께서 너무 맛있다고 칭찬하셨어요 직접 보진 못했지만 만족 합니다
2019-02-22,4,딱 4점짜리입니다
2019-01-31,5,병도이쁘고 선물받은분이좋아하시네요 감사합니다 ㅎㅎ
2019-02-13,5,선물용으로 좋습니다
2019-02-09,4,맛이랑 향이 고급져요 좀 비싸욤
2019-02-08,4,계피향이 살짝 도는게 향긋했습니다
2019-02-13,5,아주아주 대만족합니다
2019-01-12,5,배송은 늦었어요상품 파손없이 잘받았어요술맛이 넘ㅜ 좋아서 별다섯개입니다목넘김과 후끈함이 맘에듭니다
2019-01-27,5,아직 맛은 보지 않아서 몰라요배송도 바르고 포장도 좋아요
2019-02-05,5,잘마셨습니다 아주맛있네요
2019-02-09,5,선물로 딱이네요
2019-01-28,4,생각보다 독합니다처음엔 좀 쎄다고 느껴지지만자꾸 먹다보면 괜찮아져요
2019-02-02,4,받은분이 만족스러워하시네요
2019-01-29,5,계피향이 있으나 진하지 않아 좋고 마시기에 딱 좋습니다종종 애용 할께요
2019-01-31,5,선물 했는데 좋아하시더라고요
2019-01-27,5,맛은모르지만 선물용으로 좋아요
2019-01-08,5,국내 3대 명주라 불리는 이유를 알겠네요친구 가족 모임에 참석하는 어른들께 권해드리려고 구매했는데 드셔본 모든 분들이 향 목넘김 맛 등 모든 면에서 만족을 하셨다고 합니다개인적으로 추가 구매할 의향이 충분히 있습니다
2019-01-18,5,역시 대박입니다전통주 좋아해서 제주산까지 먹어봤지만감홍로가 최고네요
2019-01-29,5,선물 받은 분이 좋아하네요
2019-01-17,5,만족합니다 외국친구 선물용인데 패키지 고급스럽고 만족합니다
2019-01-14,4,역시 좋네요 열자마자 향이 조선명주 약주 다와요 병도 이뻐서 다들 그러하듯 ㅎ 난주 화병으로 쓸거에여
2019-01-06,5,전 잘 몰라요 할부지 선물 드렸는데 완전 좋아하세요 찬장에 전시해놓고 흐뭇해 하실모습생각하니 저도 좋아요 ㅋㅋ
2019-01-07,5,예비 장인어른 선물로 샀는데 좋습니다ㅎ다만 컴퓨터 화면에서 보는 것보다 크기가 조금 작습니다
2019-01-16,3,포장 쇼핑백을 따로 팔던가 보내주세요 선물용 드리기 민망함
2019-01-21,5,수정과 같은 전통주견과류랑 잘어울려요
2019-01-16,5,배송도 빠르고 목넘김도 부드러우며 담날 머리도 안 아파서 좋네요ㅎ
2019-01-20,4,계피향이 입안을 멤도네요
2019-01-21,5,양주먹는 느낌이였어요 ㅎ
2019-01-14,3,생각보다 너무 독해서 깜짝 놀랐어요 ㅠ
2019-01-09,5,병이 이쁘고 선물용으로 좋아요
2019-02-09,5,SDAFASDFASDFASDF
2019-01-11,4,용량이 너무 적어 ㅜㅠㅠ
2019-01-09,5,조선삼대명주답습니다
2019-01-02,5,포장이나 용기가고급스럽네요
2018-12-12,5,빠른 배송 감사합니다 포장도 잘해주시고 잘 마셨어요
2018-12-06,5,계모임에서 명절마다 전통주를 돌리고 있습니다 이강주 문배술 감홍로 까지 다 먹어봤는데 감홍로가 향이 좀 강하긴 하지만 뒤끝없고 깔끔합니다
2018-12-30,5,좋은 상품 잘 마셨네요
2018-12-10,5,부모님 연말 선물로 드렸습니다 감사하니다
2018-12-14,5,병도 이뻐서 선물용으로 구입했어요
2018-11-26,5,일단 배송이 빠르고 포장이 아주 꼼꼼해서 만에 들었고 선물용으로 구입한거라 맛은 모르겟는데 병 덕분에 외국인들한테 선물하기 딱이네요
2018-12-03,5,감사합니다 선물로 좋아요
2018-12-10,5,향이 좋고 맛있습니다
2018-12-06,3,쇼핑백이없어서 선물용으로 드리기 애매함
2018-12-09,5,맛있어요 400mL 로는 부족하네요
2018-12-06,5,향이 너무 강해 호불호가 있을듯 합니다
2018-11-08,5,선물용으로 딱입니다 아버님 선물로 최고였습니다 어릴때 전래동화에서 많이 들었던술인데 성인이되서 마셔보니 아 이런기분이구나싶네요 명인께서 건강히 오래도록 전통이어가시길 기원합니딘
2018-12-14,5,조선 3대 명주다워요
2018-11-01,5,좋아요 일단은 배송이 빨라서 너무좋습니다문의드린것도 다른곳은 늦게 응대하는곳도 많은데 친절하게 잘 설명해주셨구요상품은 가격대비 좋습니다만족합니다포장도 꼼꼼하게 아주 좋습니다다음에도 재구매 의사있습니다
2018-11-22,5,빠른 배송 감사합니다 요즘 전통주가 너무 좋더라구요 ㅎㅎ
2018-12-05,5,아빠가 정말 좋아하셨어요
2018-12-03,5,아직먹진못햇는데 병이이쁘네료
2018-10-16,5,선물용으로 최고의 술 맛과 향에서 계피느낌이 많이납니다수정과를 좋아하신다면 매우 추천드리오나 혹시 계피향이 싫으신분들은 안좋아하실수도있습니다한복을 형상화한 병의 단아한 아름다움과 향과 맛이 어우러져 선물용으로 그만입니다이 술은 춘향이가 과거치러가는 몽룡이보고 가지말라며 내놓았던 술이라고 합니다이런 설화하나 언급하며 선물로 드리면 목적한바를 이루실수있으리라 생각합니다
2018-11-04,5,조선3대명주 이름값을 하는 명주입니다 배송이 빠른 것도 좋았지만 역시 맛이 최고였습니다 선물용으로 좋습니다
2018-11-10,5,최애전통주 먹으면서 건강해지는 기분의 좋은 전통주입니다 전통주들중에서 제일 좋아하고 음식과 먹어도 좋지만 약간의 입가심 기분을 느끼게도 해주는 좋은 술입니다
2018-11-27,5,배송이빠르고 포장이 좋아요
2018-11-24,5,끝맛은 고소하고 도수도 세게 안느껴짐
2018-11-20,5,향이 좋고 목넘김이 아주 좋습니다
2018-11-23,3,도수가 세긴 하지만 먹을만합니다
2018-10-18,5,히야 노봉방주 맛이랑 비슷한것 같으면서도 은은하게 계피향도 나고 처음 먹어보는 맛이예요ㅎㅎ 맛있듬
2018-11-20,4,선물했는데 좋아합니다
2018-11-10,5,배송 겁내 빠르네요선물용으로 딱 좋아요
2018-11-11,5,배송 빠르고 좋습니다 술도 맛있기를
2018-11-17,5,너무너무 좋아요 그리고나서
2018-10-17,5,굿 도자기도 너무 이뻐서 술맛이 더 좋은 것 같습니다배송도 너무 신경 써 주셔서 감사합니다 또 구매의향 100 입니다많이 파세요
2018-09-13,4,선물용 구입 선물용으로 구입하시는 분이 많은 것 같은데 포장에 조금 더 신경 써주었으면 좋을 거 같아요집에 맞는 쇼핑백이 없어서 결국 ㅋㅋ 인터넷에서 선물용보자기를 사서 직접 포장해 보았네욯ㅎ선물 하실건데 포장 고민하시는 분들 이렇게 이렇게 해보시는 것두 추천해요
2018-11-18,5,아주만족합니다
2018-10-05,5,잘받았습니다 잘받았습니다 다소 비싼감은 있지만 명인님의 술을 집에서 받아볼 수 있는 것만으로도 좋은 기회라고 생각합니다 오픈 마켓에서도 팔아주면 감사하겠지만 네이버 쇼핑을 통해서 구입할 수 있는 것만으로도 그래도 편하게 받아볼 수 있어서 좋네요 맛있게 먹겠습니다 많이 파시길 바랍니다
2018-11-11,5,배송이 어마무시하게 빠릅니다
2018-10-18,5,선물용으로 최고 조선3대 명주의 하나계피향이 술맛을 살려준다술병이 특히 이뻐 선물용으로도 제격이다강추
2018-10-27,5,큰맘먹고 산 술인데 그만큼의 가치가 있어보여 참 다행이라 생각합니다
2018-10-20,5,힛 할아버지 할머니께 선물해드렸는데 할아버지가 넘 좋아하세요 찬장에 넣어놓고 감상하신데요 맛은 모르겠어요 감사합니당
2018-11-10,5,제일 좋아하는 전통주
2018-10-17,5,부모님 산물로 사드렷는데 아쉬운게 종이백도 업고 그냥 상자만 있어요 혹시나 선물오 하실거면 별도로 구매하시는개 좋을거같아요
2018-09-29,5,좋습니다좋구요 혹여나 배송때 깨지진 않을까 걱정이 많았는데 아무탈없이 잘 도착했습니다 선물용으로 구입한거라 맛은 보지 못했지만 맛나겠어요 번창하세요 감사합니다
2018-11-04,5,배송빠르고달아요
2018-10-21,5,선물용이라 맛을 볼 수 없는게 안타깝네요배송은 만족스러웠습니다
2018-10-17,5,세번째 구매입니다 이번엔 세 병 구입했어요 어른들 생신 때도 다들 술이 좋다고 하셨네요 계속 구입할 거에요 
2018-10-23,5,배송은 다소 느렸지만 상품이 안전하게 잘 배송되었어요
2018-10-12,5,배송은 빠르네요주말에 가족 여행가서 마셔볼 예정이라 아직 맛은 못 봤지만 기대하고 있습니다
2018-10-30,5,최고입니다
2018-11-01,5,아주굿이요
2018-10-27,5,선물했는데 좋아하시네요
2018-09-23,5,조아요 부모님선물드렸어요 맛은처음먹어보는데 독하게느껴지지암ㅎ고 아주 독특했습니다 포장이조금아슈ㅣㅂ지만 다음에 또 재구매의사있습니다 많이파세요 감사합니다
2018-10-16,5,항상느끼는거지만 선물용으로 최고입니다
2018-10-18,5,빠른배송 감사합니다 잘먹을게요
2018-09-26,5,좋아요 어른들이 좋아하시는것같아요배송도 빨라서 너무 마음에 들구요하지만 용량은 400ml짜리보다 큰게 더 좋은것 같습니다
2018-10-13,5,깔끔하고 위스키같애요가격은 조금 비싸지만 선물용으로괜찮아요                   
2018-10-18,5,깨지지 않고 잘 도착했고 도자기 넘 이뽀요ㅎㅎ
2018-10-17,5,포장도 신경쓰셔서 보내주셔서 감사합니다
2018-09-17,5,잘받았습니다 이번 추석 선물용으로 구매하였는데 아직 먹어보진 않았구요도자기병이 고급스럽게 잘 나왔네요부모님도 만족하실거 같아요다만 선물용 종이가방이 같이 있엇으면 더 좋았을거 같은 바람압니다
2018-10-22,5,너무맛있어요
2018-10-05,5,잘 받았고 술맛 좋은거 같아요전 잘 못마시지만 20ml정도 마시니까 훅 올라오네요
2018-09-18,2,하 선물할건데 이걸 어케 보내라는건지병에도 액체가 질질박스는누래져서 오고좀 너무하네요
2018-10-16,5,좋아요 맛있게 먹을게유
2018-09-25,5,선물용으로 산건데 병은 보기 좋았지만 포장 상자는 좀 아쉬웠습니다 선물용 잔 세트를 늦게 알게 되어 아쉽네요 지금도 판매중이라면 판매 페이지에 잔 세트도 올려주세요
2018-10-20,5,선물했는데 젛아요
2018-10-15,3,양이 좀작아요 ㅠ
2018-10-10,5,고급스러워 선물하기 좋아요
2018-09-25,4,전통주 시어르신 용돈과 함께드릴추석 선물로 구매했어요받고 좋아하셨어요저도 맛이 궁금 하네요
2018-10-18,5,고품격의 전통주 
2018-09-18,5,아주 좋아요 조부모님 차례상에 올리려고 샀습니다작년엔 이강주 샀는데 올해는 감홍로로 올리려고요빠른배송 감사합니다
2018-10-16,5,좋다고 하시네요
2018-09-11,4,상품굿굿 여자친구 아버님 선물로 찾아보다가 좋아보여서 구매했네요 배송도 빠르고 마음에 들어하셔서 좋았습니다 다음에는 더 큰 사이즈로 구매해야겠어요 저도 한번 먹어보구요ㅋㅋㅋ
2018-09-23,5,배송 짱 빨라서 추석 선물 잘 했어요근데 포장은 따로 해야해요그게 좀 아쉽고 딴건 다 좋아요
2018-10-13,5,잘받았습니다
2018-10-05,2,가격대비 계피향만 강하고 뭔가 아쉬운 맛
2018-09-19,4,선물용인데  선물용인데 전용 종이가방도있고 깔끔해요단지 생각보다 조금 작고 가벼워요여튼 맛났음좋겠네요
2018-09-26,5,역시 감홍로네요 오프라인에서 먹어보고 샀는데 어른들도 좋아할 맛이에요
2018-10-09,3,배송빠르네요 
2018-10-11,5,믿고 마시는 감홍로
2018-10-09,3,계피맛이 쌔네요
2018-10-06,5,은은한 단맛이 일품입니다
2018-10-06,5,배송이 빨라요
2018-09-10,5,좋아요 좋아요   병이 너무 예쁘구요 선물하려고 구입하였습니다받으실 분이 좋아하실 것 같아요
2018-10-05,5,잘 받았습니다
2018-09-15,5,조선3대명주 몇년전에 사려다가 번거로워서 안 샀는데 이제 사기가 너무 편안해졌네요 꼭 번창하시길 바랍니다
2018-09-03,5,아직 먹어보진 않았지만  조선의 3대 명주라고 전해주니 좋아하시더라구요 음 그리고 명주가 왜 명주가 됐는지에 대한 간단한 팜플렛 이런거 했으면 좋겠어요 ㅠ 선물드리고 좋아하시길 바랍니다감사합니다
2018-10-05,5,잘 도착했어요
2018-09-21,5,선물용으로 구매했습니다 아주 좋습니다
2018-09-07,5,선물용구입 아시는 분 생일선물로 준비햇어요술좋아하시는분이라 좋아할거같아요포장잘되어서 빠르게 왓구요쇼핑백도 잇음 더 좋앗을거같아요
2018-09-21,4,감홍로 이전에 구매하여 맛을 본 결과 만족스러워서  재  구매 했습니다 도수는   높지만 좋네요
2018-08-26,5,선물로 좋아요 매 생신마다 다른 술을 선물하고 있는데날짜에 맞게 잘 왔고 열어보니 병도 고급져서 좋았어요 아쉽게 맛은 못봤지만여튼 전통적인 느낌이라 장식으로도 좋고어른께 선물 추천드려요
2018-09-15,5,깔끔하고 견고한 포장 감사합니다 좋은 추석선물이 될 것 같습니다
2018-09-11,5,좋아요 추천합니다다만 병 디자인이 술 맛을 못따라가는것같네요 감사합니다
2018-09-25,5,아직 마셔보진않았지만 병도 고급스럽습니다
2018-09-19,5,배송은 빠르구요단지 생각보다 병이 작은것같아요
2018-09-19,5,선물용으로 구매했습니다마음에들어요
2018-09-23,5,선물용으로조아요
2018-09-29,5,좋습니다좋구요
2018-09-18,2,아 이렇게 보낼거면 택배를 하지마세요질질 흘려서 박스가 누래져서 왔네여
2018-09-07,5,선물용으로 구매했습니다 선물용이라 그런지 도자기에 유약이 흘러내린 흔적이 있는 것이 조금 아쉽습니다  
2018-09-26,5,빠른배송좋습니다
2018-09-26,5,만족합니다
2018-09-07,5,선물용으로 구매햇어요아담하니 이쁘네요근데 쇼핑백이 잇엇음더좋앗겟어요
2018-09-22,3, 포장은 이뻐요
2018-09-16,5,포장도 할수있으면 좋을텐데 아쉽지만 잘받았어요
2018-09-09,5,잘받았습니다 실물과 견본이 똑같네요부모님과 함께 하렵니다 많이 파세요
2018-09-17,5,잘받았어요 포장도 구우웅ㅅ
2018-09-21,5,좋아요 잘받았어요
2018-09-20,5,추석에 먹어보려고 구매했어요
2018-09-16,5,빠른 배송 감사합니다 
2018-09-21,5,아주좋아요
2018-08-13,5,맛있어요 한국의 위스키네요계피향이 샥 도는 맛도수도 강해서취하도록 마시기 좋네요숙취가 조금 있는데새로운 술 마시는 걸로 만족하렵니다선물용으로 좋네요술 좋아하시는 분께는 추천특히 위스키좋아하시는 분이 새로운거 찾으실 때 좋을 것 같아요
2018-09-17,5,맛이 좋아요 
2018-08-29,5,포장 잘 되어서 안전하게 잘 받았습니다 병 너무 예쁘네요 향도 너무 좋구요
2018-09-19,5,좋아요우어
2018-09-19,5,빠른 배송 굿
2018-09-15,5,좋은 술 잘 받았습니다 많이 파세요 
2018-09-21,5,잘 받었습니다
2018-08-28,5,만족 아버님께 선물드렸는데 아버님께서 만족해하셔서 저도 기분이 좋네요독한술이라 좀 걱정됐지만 드시기에 좋다고 하시네요
2018-09-13,5,선물용으로 상당히 좋네요
2018-09-10,5,좋아요 믿고 구매
2018-08-07,4,배송빠르고 좋아요 배송빠르고 포장상태도 좋고 전체적인 외관은 마족입니다 맛이나 향은 생각했던것과 같이 상당히 매력적입니다 홍색에 걸맞는 맛과 향 감과 계피향이 약간 느껴지며 향과 맛을 느낄수 있는 전통주 인거 같습니다 위스키 대신에 가끔 찾을거 같네요
2018-09-19,5,잘 마시겠습니다
2018-09-03,5,감홍로 아직 먹어보진 않았습니다 근데 선물은 햇어요 
2018-09-11,5,배송 상품 모두 좋아용
2018-08-07,5,최고의 술 이 술을 메가쇼에서 처음 사서 잠이 안오거나 몸이 안좋을때 한잔씩 홀짝홀짝 먹었더니 너무 좋았었어요 집에 외국인 손님이 오셔서 맛보고 진짜 좋아하시길래 인터넷으로 주문해서 선물해드렸는데 최고로 좋아하시네용
2018-09-05,5,선물햇는데 배송도 원하는날짜에 오고 받은사람도 좋아햇어요
2018-09-23,5,조아융ㅇㅇㅇ
2018-09-08,3,배송이 바로 되진 않네요
2018-09-07,3,맛있게먹겠습니다많이파세여
2018-07-19,5,조선시대 3대 명주 중 1순위로 꼽히는 감홍로 우연한 기회에 알게 되어 주문하였는데 꼼꼼한 포장으로 안전하게 도착하였습니다 이번 휴가 때 부모님과 마실 예정인데 기대가 됩니다
2018-09-15,5,표장완벽
2018-08-12,5,ㄱ굿굿 아버지가 한잔 드셔보시곤 아주 만족하셨습니다 향도 맛도 좋다고 아주 좋아하셨어요 다음에도 사드릴렵니다
2018-08-25,5,아직 먹어보진 않았지만 병이 이쁘네요 많이파세요
2018-08-26,5,딱 필요할때 배송도 빨리오고병도 고급져서 선물 잘 했습니다
2018-08-26,5,명절에 양가 부모님들 드릴려구 미리 구매햇어용 맛잇다고 해서 주문햇는데 기댜합니당ㅎㅎㅎㅎ
2018-08-22,5,아버님이 약주를 좋아하셔서 선물로 샀는데 역시나 엄청 맘에 들어하세요
2018-08-08,5,적극추천해요 선물용으로 주문 했는데 많이 좋아하시네요 적당한 가격에 좋은 선물을 할수 있었네요 많이 파세요
2018-08-06,5,재구매 선물용으로 재구매했어요포장도 꼼꼼히 해주시고 배송도 너무 빨라서 받을때마다 감동이에요 감사합니다
2018-08-25,5,잘 받았습니다 음미해 보고 또 구매하겠습니다
2018-08-02,5,좋아요 지금 저녁을 차리고 먹을 준비를 하고 있습니다전통주를 너무 좋아해서 기대가 되네요병이 너무 예뻐요다 먹고 아까워서 못 버리겠네요물병으로 쓸까 생각중입니다하지만 아내가 싫어하겠죠
2018-09-01,5,잘 받았습니다아
2018-08-27,5, 빠른배송감사합니다
2018-08-31,5,감사합니다
2018-08-07,5,술 좋아하는 지인에게 선물했습니다 센스있다고 좋아하시네요 맛이 궁금해서 저도 나중에 추가구매하려구요
2018-09-18,5,좋아요 굿굿 
2018-08-06,5,정말 최고의 제품입니다 조선 3대 명주라고하죠 정말 좋은 술입니다 배송도 굉장히 빠릅니다 유리병도 잘 싸져서 안전하게 배송됩니다
2018-08-22,5,배송도빠르고 맛도좋아요
2018-08-08,5,부드럽게 넘어가는 맛이 좋았고 마지막에 한약향이 퍼져나오는게 굉장히 독특했습니다 좋은 날 좋은 술을 먹을 수 있어 행복했습니다
2018-08-05,5,아주 향기도 좋고 맛도 좋다고 하지만 아직 제가 애주가가 아니라 잘 모르겠습니다 이거 맛보면서 좋은 술에대해 생각해보겠습니당 
2018-08-25,5,위스키같은 느낌이고 화요먹는 느낌이네요
2018-08-26,5,잘 마셔볼게요
2018-07-21,5,맛있는 술입니다 도수가 높음에도 부드럽고 감칠맛 나네요 계피향이 감도는것도 맘에들구요 어르신들 선물로 괜찬을듯 합니다
2018-08-22,5,고급스럽습니다
2018-08-15,5,아직먹어보지는 못했는데 잘 먹을께요
2018-08-02,5,포장이 너무 예뻐요전통주 좋아해서 종류별로 많이 먹는데 가장 예쁘네요
2018-08-14,5,향이 너무 좋아요 
2018-08-06,5,잘받앗습니다 선물용으로 재구매했어요
2018-07-22,4,선물용 구입 승진 선물로 구매했습니다 유명한 술이라 받은 사람도 정말 좋아했구요 비싼만큼 값어치가 있지않나 싶습니다
2018-07-22,5,아버지가 좋아하시네요 저도 고향 내려가서 살짝 맛 봤는데 좋았습니다 육류 어류 등 요리 관계 없이 잘 어울릴 듯 합니다
2018-08-12,5,아버지가 굉장히 좋아하십니다
2018-08-07,5,포장을 잘해주셔서 잘받았어요
2018-08-07,3,배송빠르고 좋아요
2018-08-13,5,맛있어요
2018-08-13,5,잘왔어요
2018-07-12,5,아직 마셔보진 않았는데 너무 기대 되네요 하나는 선물용 하나는 마시는 용으로 2개 샀는데 구매 평이 좋아 벌써부터 만족중입니다 감사합니다
2018-08-10,5,감사 합니다
2018-07-23,5,맛납니더 혼술겸 지인이 올때를 대비하여 대접할 겸 구매했는데혼자 거의 다마셨네여다음에는 꼭 여친샹겨서 같이 좋은술 음미하고 싳네요
2018-09-02,5,좋습니다 
2018-08-06,5,매우 만족합니다
2018-08-07,5,진짜 향긋해요
2018-07-29,5,향긋하니 색깔도 이뿌고 매우 만족합니다
2018-07-10,5,방안 한가득퍼지는 계피향 잘숙성된 꼬냑처럼병을 여는순간 달달한향이 코를간질간질 빨리 마셔달라고 꼬시네요좋은 술 맛볼수있게 해주셔서감사합니다
2018-07-31,5,아직 안먹어봤지만 기대하겠습니다
2018-07-19,5,아주 만족합니다 다음번에 또 주문 예정입니다
2018-07-13,4,술이 술이지만 술을 선물해드린 매형네 가족이 원래 술을 좀 들기시는 편이라 부모님께 추천해드렸음 반응은 좋았음
2018-07-31,5,전통주 좋아요
2018-07-29,5,병이 너무 이쁘당 ㅠㅠ
2018-07-19,5,박스에 안전하게 담겨져 와서 좋았습니다휴가 때 부모님과 같이 맛보려고 합니다
2018-07-22,5,선물용으로 구매했습니다
2018-07-30,5,좋아료 ㅎㅎ돟아료
2018-07-24,5,맛깊네요
2018-07-25,5,좋아요오
2018-06-21,5,선물용 구입 남자친구 부모님 뵈러 가는데 아버님께서 술을 좋아하셔서 선물로 구입했어요병이 고급져서 선물용으로 괜찮은거 같아요다만 포장용기나 이런건 따로 구입해야 합니다
2018-08-07,5,좋아요좋아요
2018-07-21,5,좋은 술입니다
2018-06-16,5,만족입니다 배송도  빨리왔고 손님접대하기에 최고의 술이라고 생각합니다 적극 추천합니다 최고입니다
2018-07-15,5,감사히 먹겟습니다
2018-06-15,4,맛있을것같아요 포장 너무 꼼꼼히 잘 해주셔서 개봉할때 좀 감동이었어요 ㅋㅋ술병이 너무 예뻐서 마시기 아까울 정도네요바닐라 아이스크림이랑 아포카토해먹으면 그렇게 맛있다고 해서구매해봤다는ㅋㅋ
2018-06-14,5,아버님께 애교 선물로 제가 맛보지는 않았구요 저번에 티비에 감홍로가 유명하다고 나와서 술좋아하시는 아버님께 드리려고 샀어요 맛이 어떨지 몰라 작은걸로 샀는데 좋아하실것같아요아버님 드신 후 평을 직접 들어봐야겠지만 믿고 잘 산것 같습니다
2018-07-02,5,맛있어요 근데 약간 독해여 ㅋ
2018-07-30,4,안영 안녕하세요 제가 지금 너무 좋아 어떡해 너무 좋아 어떡해 너무 좋아 어떡해 너무 좋아 어떡해 너무 좋아 어떡해
2018-07-07,5,향긋한 계피향이 즐겁게 해주네요
2018-07-06,5,비싼만큼 깊이가 있는 술인것 같습니다
2018-07-03,5,지인께 선물드리려고 샀는데 만족스러워요  
2018-07-08,5,만족스러워요  
2018-06-14,5,향으로마시는 술 무슨맛있까 정말 궁금했는데향이 정말 좋네요병도이뻐서 다 먹고 괜히 일반 소주도 따라마시고있습니다 ㅎ
2018-06-27,5,정말좋은우리술입니다 위스키느낌이있지만 향과 맛이 탁월합니다
2018-06-28,5,계피향이 솔솔 독한 술 가운데 은은한 계피향이 참 좋네요
2018-06-21,5,배송빨랐어요 선물용으로 구입했습니다
2018-06-05,5,선물용 최고 아버지 생신 선물로 샀는데 정말 좋아하시네요어디 선물용으로 최고입니다선물 고민하시면 감홍호 추천드립니다
2018-06-09,5,좋아요 도자기 병도 너무 멋스럽습니다 우리 전통주를 접할 수 있어 좋네요 맛도 좋고 아주 만족합니다
2018-07-03,5,술김에 샀는데 맛있겠죠
2018-06-14,5,굿 추가배송 추가 배송 시켜서 먹으려구요 너무너무 맛있어요400ml시컀는데 양이 너무 적은것 같아서 700ml으로 추가배송하랴구요
2018-06-07,5,후기 제가 쓴건 아니지만 칵테일 만들어서 먹었는데 맛있었어요 달고 좋은거 같아요 향도 좋습니당
2018-06-25,3,생각보다 향 맛 좋아요
2018-07-29,5,thanks 
2018-06-23,5,선물해 드렸는데 아주 좋아하시네요
2018-06-14,5,너무 좋아요 추가배송시키려구요다만 양이 너무 적은것 같은 느낌 ㅠㅠ
2018-06-06,5,조선 3대 명주라길래 맛이 궁금하여 샀습니다 아직 안먹어봤지만 병도 예쁘고 만족합니다
2018-05-14,4,향이 깊고 완벽하지만 정말 맛있어서 가끔씩 한잔도 아니고 반잔씩만 따라서 조금씩 음미하며 마시고 있는 엄청 아껴먹고 싶을정도로 맛있어요다만 때를 잘못 맞춘 모양인지 배송 시작에 매우 오래걸렸어요적극 추천 드리고 싶지만 배송때문에 추천으로 했어요
2018-06-18,3,독특한 맛과 향 수정과 맛과 향이 나기도하고호불호가 분명할 것 같아요
2018-06-18,5,좋은사람과 좋은술로 함께 할 수 있었습니다 깔끔한 맛 
2018-06-21,5,배송빠르고 이뻐요
2018-06-24,5,믿고 재구매합니다
2018-06-12,3,약간매운맛이 나네요 제 입맛엔 안맛네요
2018-06-03,5,선물용으로 구입했는데너무 맘에들어하십니다 ㅎㅎ아깝다고 개봉을 못하시네요 ㅠㅠ
2018-06-12,4,조ㅗ아요 어르신들 드릴라구 두병삮네요조선 명주 답게 깊은맛 기대합니다너무길어요 프리미엄구매평 ㅜㅠ
2018-06-24,3,아직시음전
2018-06-14,5,오향이 정말좋네요
2018-06-05,5,술맛 정말 좋으네요 기대이상입니다
2018-06-06,5,안전하게  도착했습니다 스트레이트보다는 칵테일이  좋을듯해요
2018-06-09,5,기대됩니다 아직 개봉은 안했네요
2018-06-05,5,향이 강하지 않고 속에서 타는 느낌 없이 부드럽게 넘어가서 좋았습니다
2018-06-09,5,아주좋습니다 감사합니다
2018-06-16,5,너무 좋습니다
2018-06-13,5,역시 조선3대 명주중 으뜸입니다
2018-06-14,5,도자기가예뻐요
2018-06-15,5,술병 예쁘네요 ㅋㅋㅋㅋ
2018-06-12,5,감사합니다요
2018-06-05,5,빠르고안전한배송 너무좋아요
2018-06-05,5,아버지 선물로 완전 좋아요
2018-06-03,5,생각보다 배송이 너무 빨라 놀랐습니다 
2018-06-13,5,향이 특이해요
2018-06-09,3,마시기는 좋은데먹고 난 후 머리가 좀
2018-06-09,5,좋은선물입니다
2018-05-08,5,감홍로 굿 처음 뵙는 어른 뵈러갈때 사갖고갔는데 너무 맘에들어하시고 맛있게 드시는 모습이 기분이 좋았습니다 다음에 기회될때 다시한번 구매하고 싶어요 ㅎㅎ 감사합니다
2018-05-24,5,선물하려 구매했어요구매평들이 좋더라구요받으시는분이 만족하시겠죠
2018-06-09,5,아주 좋아요 
2018-06-06,5,아주 만족 합니다
2018-06-05,5,만족배송엄청빠름
2018-05-05,4,선물용으로 구입했습니다  유명한 술이고 명인이 만드신다하여 선물용으로 구입했습니다 포장은 잘되어서 오지만 담아드릴 쇼핑백 등이 따로 없는 점만 보완해주셨으면 좋겠어요 고맙습니다
2018-06-06,5,신선한 술맛이네요
2018-05-28,5,아직 맛을보진못했지만 조선3대명주를 가지고있는것만으로도 좋습니다 ㅎ
2018-06-02,5,빠른배송감사합니당
2018-05-21,5,안전하게 정성스럽게 포장해주셨습니다 아직 마시진 않았지만 기대됩니다
2018-05-07,5,좋아요 배송도 빠르고 포장도 잘 되어서 무사히 잘 받았습니다술 맛도 좋네요좋은 술 감사합니다
2018-05-03,5,좋아용 선물용으로 구매했습니다 병이 깔끔하고 예쁘네요 포장용 백이 없는 것은 아쉬운데 그래도 박스 디자인이 괜찮아서 다행입니다
2018-05-05,3,선물하려고 구입한거라 배송이 중요해서 걱정하다 받았네요 잘 포장되서 와서 좋았어요 쇼핑백같은건 따로 없으니 참고하세요 받으실분이 좋아하셨으면 좋겠어요 
2018-04-30,5,최고입니다 배송 포장 모두 최고입니다  소중한 분에게 선물하면 정말 좋아하실것 같습니다 좋은 술 앞으로도 잘 부탁드립니다
2018-05-14,5,빠른 배송 감사합니다 안전하게 잘 받았어요
2018-05-23,5,좋습니다 배송도 잘왔구요 ㅎ
2018-05-03,5,배송이 빨라요 아직 개봉은 못했어요혼자 한잔 할수도 없고ㅜㅜ암튼 감홍로주는 첨이라 같이 먹을 자리를 기대하 봅니다
2018-04-12,5,특별한경험 오미자차 마시는기분이예요향과 맛이 너무 다양하고 특이합니다기분좋게 목을 넘기면기분좋은 상태가됩니다
2018-06-22,5,ㅁㄴㅇㄹㄹ호ㅓㅏ
2018-04-25,5,좋아요 안녕 하세요 또구매하겠습니다 많이 파세요 안전배송 감사합니다 좋은하루되세요 감사합니다 좋은 하루되세요
2018-05-19,5,배송 포장 마음에듭니다
2018-05-27,5,좋아요ㅎㅎ
2018-05-08,5,적당한 날짜에 딱 와서 너무 감사합니다 술맛도 일품이에요 번창하세요
2018-05-16,5,선물 보냈는데 받은사람이 좋아하네요 ㅎㅎ
2018-06-07,5,술 ㅅ쥑ㅂㅇ쥰ㅇ 쥑ㅇ ㅊㄷ닉ㅇ 쥐ㅣ ㅈㅅㅜ ㅅ 줏 ㅅ가 ㅜㅅㅋㅈ 둑 ㅇ즥 ㅎㅈㄷㄱ ㅅ늗 ㄴ
2018-05-19,5,병이 너무 예뻐요
2018-05-08,5,선물용으로 구매하였는데 받는분이 좋아하시네요
2018-05-18,5,졸맛다음에도 구매예정입니다
2018-04-30,5,빠르고 안전한 배송 감사합니다즐거운 시간이 되었습니다
2018-04-18,5,선물로좋아요 사람이 많으면 좀 더 큰 걸로 구매하세요 근데 혼자 마시면 작은걸로 저는 맛없는데 술잘하시는 아버님은 맘에 드신듯 배송 빨라서 좋아요
2018-05-14,5,술이 향긋하고 맛있어요
2018-05-11,5,장인어른께서 좋아하시네요
2018-05-14,2,만족하신다네요
2018-05-08,5,선물받으신 분이 매우 좋아하셨습니다
2018-05-02,5,작고 귀여워요ㅎ 만족합니다
2018-05-14,5,좋은 술 이네요
2018-04-06,5,선물용으로 정말 좋습니다 배송도 정말 빠르고 무엇보다도 물건이 정말 하자없이 깨끗하게 잘왔네요 포장도 안전하고 이쁘게 잘되어있었고 다음에 또주문할꺼에요
2018-04-20,5,택배잃어버린줄알고 놀랬는데 사장님의빠른대처덕분에 찾았어요 엉뚱한데 감춰놓고 얼마나 놀랬던지 ㅎㅎ 감사합니다
2018-05-08,5,상품 너무나도 잘 받았습니다
2018-05-08,5,감홍로 좋다기에 구매해 보았습니다
2018-05-07,5,배송도 빠르고 좋네요
2018-05-27,5,안녕  근데 진짜 내가 너무 많이 해서 내가 지금 이 순간이 이 중 한 명인 이 중 한 명인 이 과정에서 일부 지역에서 발생한 것으로 나타났다
2018-06-06,5,ㅡㅡb
2018-03-07,4,고급스럽대요 저는 아버지 퇴임 선물로 보냈어요 워낙 애주가셔서 반주를 좋아하시는데 건강한 술이기도하고 유명해서 특별한날 선물로 좋을거 같아서요 배송시간이 오래걸려서 한 오일정도 걸린가 같습니다포장은 다섯겹으로 고급스럽게 갔다고하네요
2018-04-20,5,일찍 잘 왔네요 얼른 먹어보고 싶네요
2018-05-02,3,좋아요우요
2018-04-26,5,남편한테 선물했는데 만족해 하네요
2018-04-15,5,말로만 듣던 명주를 구하게  되어 감회가 새롭네요 우리의 좋은 전통주 계속 구할 수 있게 해주세요감사합니다
2018-04-24,5,아버지생신선물로 드렸는데 참 좋아하시네요 ㅎㅎ
2018-04-28,5,배송빠르고좋음
2018-04-28,5,완전 만족합니다 
2018-04-12,5,맛이 오묘하니 좋네요포장도 너무 안전하니 잘하시고만족합니다
2018-04-10,5,맛좋고 향좋습니다배송도 빠르고 안전하게 잘왔네요
2018-04-10,5,포장 너무 꼼꼼하게 해주셧네요  잘받았습니다
2018-03-26,4,좋아요 조금 나이가있으신분들에게 줄 선물도 좋습니다 안전하게 포장되어있고 배송도 생각보다 빨리왔어요ㅎ
2018-04-01,4,좋습니다요 병도 아기자기하고한국의 그런 미가있는 도자기라서 그런지더 고급스럽네요신랑이 손님들오면 마실꺼라고하넹많이 퍼세요
2018-04-18,5,잘 받았어요
2018-03-23,5,감홍로 전통주 좋아해서 마셔봤는데괜히 조선 3대명주가 아니군요맛 색 향 모두 좋습니다친구들도 좋아하네요
2018-03-27,5,은은한 계피향 목넘김도 좋고 향도 좋아 두번째 이용합니다 어른들 선물로도 좋아요고기랑도 어울리고 디저트랑도 어울립니다
2018-03-25,5,좋습니다 배송빠르고 안전하게 왔습니다 약초향도 좋고 즐겁게 마셨습니다다음에도 구매하겠습니다
2018-03-15,5,좋아요 돌 선물로 준비했습니다좋은 선물이 될거 같아요 저도 마셔보고 싶네요선물하기 진짜 좋습니다안전하게 배송도 빠르고요
2018-03-26,5,급하게 배송요청 드렸는데 빠르게 처리해 주셔서 잘 받았습니다선물 받으신 분이 병도 너무 고급지고 잘 마시겠다고 하셨어요
2018-04-06,5,배송도 빠르고 안전하게 잘왔네요
2018-04-09,5,좋은술을 좋은 사람들과 같이해서 너무 즐거웠습니다
2018-04-09,5,빠르게 보내주셔서 감사합니다
2018-04-09,5,또 구매해야겠어요
2018-04-13,5,감사합니다 감사합니다 감사합니다 감사합니다 감사합니다 감사합니다 감사합니다 감사합니다 감사합니다 감사합니다 감사합니다 감사합니다
2018-04-03,5,유명하대서 주문했어요
2018-04-23,5,빠른배송 안전배송 
2018-05-02,5,Good
2018-04-01,5,아직 맛브기 전이라
2018-03-28,5,선물로 샀어요
2018-04-02,5,선뭀ㅇㅇ구매
2018-02-25,5,빠르고 안전하게 배달되었습니다 선물용으로 구입한거라 내용물은 제대로 보지 못했지만 매우 만족합니다
2018-03-19,5,디자인이너무이뻐요
2018-02-20,5,품격있는 선물 명절 선물로 구매했는데 만족스러워요박스 포장도 제품 손상없이 보낸 정성이 느껴집니다 다만 쇼핑백이 들어있으면더욱 좋을뻔 했습니다
2018-02-19,4,좋네요 조선시대때 먹던 술이라 궁금하기도하고해서 고민고민하다 주문했는데 약초향도나고 목 넘김도 부드럽고생각보다 괜찮았네요 추천합니다
2018-03-16,5,드디어 먹어보는군
2018-02-01,5,너무너무 맛있게 먹었어요  육포랑 먹었는데 너무 잘 어울리네요 너무 맛있게 먹어서 먹은지 좀 됐는데 생각나서 글남기러 왔어요 향이 좀 있어서 싫어하시는 분들도 있을지 모르겠지만 은근 마시다 보니 매력있더라구요 좋은 술 많이 만들어 주세요 정말 좋아요
2018-03-07,5,선물용구매했습니다 좋아요
2018-04-01,5,좋아요 좋아
2018-02-11,5,마음에 들어요 명절 선물로 구매했어요 도자기 디자인이 너무 이쁘네요 선물하기에 적절한거 같아요 맛은 어떨지 궁금하네요
2018-03-10,5,완전 맘에들어요
2018-02-01,5,배송도 빠르고 유리병이라 깨질까 걱정했는데뽁뽁이완충재질와 2중 상자로 포장되어 안전하게 잘 받았습니다술도 맛이 기가막히게 좋더군요 이기숙 명인님감사합니다
2018-03-06,5,부모님이 만족하셧음
2018-03-07,5,선물했어요 만족
2018-03-07,5,만족스럽습니다
2018-03-12,5,조 아 요
2018-02-11,5,좋아요ㅎ 평많고 가장 위에있던 상품이라 구매했는데 배송도 빨랐고 정말 안전하게 포장돼 와서 너무 좋네요ㅎㅎ
2018-02-12,5,다행히   설 선물 전에 배송받았어요뽁뽁이에  안전하게 포장해주셔서  감사드려용 또  구매하러 올게요
2018-02-11,5,아버지 생신 선물로 드려서 먹어보진 않았지만 병이 고급스럽다고 만족해 하시네요 조만간 제가 마실 걸로 하나 더 사봐야 겠어요 많이 파세요
2018-02-01,5,만족해요 안전하게 포장해서 보내주셔서 잘 받았습니다아버지 생신 선물로 샀는데 마음에 들어하십니다감사합니다
2018-02-19,5,생각보다 부드럽게넘어가네요 약초향도나구요
2018-02-10,5,성물할거라 맛은 못 보지만 맛있다고들 하니 믿어졸게요근데 좀 아쉬운건쇼핑백겉은데 따로 오지 않아서 들고가서 선물하기은 좀 나쁘네요 ㅜㅜ쇼핑백을 다른걸 스자니 좀 엊ㅅ어조이고
2018-02-12,5,만족합니다 선물용으로 구입한 건데요 좀 더 큰 사이즈로 구입해도 괜찮았을 것 같아요
2018-02-07,5,구매평이 좋아서 샀ㄴ느데 구매평이 좋아서 구매하게되었는데 아빠 생일선물로요맛은 아직 못 봤지만전화 응대 친절하셔서 좋았어요 감사합니당 ㅋㅋㅋ
2018-02-11,5,배송 엄청 빠르고 안전하게 잘 포장돼 왔어요 선물하려는건데 너무 좋네요ㅎㅎㅎ
2018-02-12,5,아직 먹어보지 않았는데 깨지지 않게 빨리 오는거 같기는 한데요 일단 빠른 배송은 좋았습니다
2018-02-20,5,명절 선물로 구매했는데 주는 사람도 받는 사람도 만족스러운 상품입니다
2018-02-12,5,병도 이쁘고 맛있다고 소문듣고 술선물로 주문했는데 너무 좋네요
2018-02-24,5,선물했는데 좋다고 하싲니다
2018-02-12,5,한병주문이라 박스 안에서 술병 돌아다닐까 배송걱정을 많이 했는데 포장이 잘 돼 있어 문제없이 왔습니다
2018-02-13,5,앚기 못먹어 봤지만 그래두 선물용이니 좋아하시겠죠배송은 진짜 빨리 왔어용
2018-01-20,5,굿 티비에 이시언씨가 선물한것보고 구매해서먹었는데 저는 꽤좋았습니다 계피향을포함한 한약냄새가 너무진하지도않으면서 은은하게퍼져 향이좋았구요 도수가 꽤나높지만 역하지않고 부드러워좋았습니다 설에 선물용으로 구매할예정이예요
2018-02-04,5,배송이엄청빠르네요 명절선물로 구입해봄요 ㅎ 받는분들이 만족하셨음하네요
2018-02-05,5,좋아요 만족합니다 만족합니다 만족해요 좋아요 만족해요 좋아요 만족합니다 좋아요 만족합니다 좋아요 좋아요
2018-02-22,5,선물했는데 좋아하세요 
2018-03-16,5,좋아요좋아ㅎㅎ
2018-02-17,5,선물했는데 다들 만족하셨어요
2018-02-01,5,크 박스 두번이나 꼼꼼하게 포장해서 보내주셨더라구요받고 너무 좋았어요 덕분에 전통주 자주 구매 하게 될 것 같아요
2018-02-07,5,잘 마시겠습니다 너무 기대되네요 디자인도 괜찮고
2018-02-18,5,홍색인지알았는데 노란색이네요 ㅎ
2018-02-14,5,빠른 배송에 감사합니다
2018-02-17,5,목넘김이 좋았어요
2018-02-12,5,구매확정 늦어서 죄송합니다선물용으로 샀어요
2018-02-15,5,보자기도 같이 되있으면 좋을텐데ㅠ고맙습니다
2018-03-15,5,좋습니다
2018-02-08,5,먹던 술 입니다 편하게 받으니 좋네요
2018-01-20,5, 매력적인 술이에요  일단 배송이 빨라서 좋았고요 포장이 정말 튼튼하게 잘 왔습니다 술이 매력적이여서 파티용으로도 좋을꺼같네요
2018-02-13,5,배송잘받았습니다
2018-02-10,5,좋아요 맛있게 잘 마실게요
2018-02-13,5,장모님께서 좋아하셨으면
2018-01-08,4,좋아요 선물용으로 구매해서 잘 전달해드렸습니다아쉬운 점이 있다면 담을 만한 쇼핑백이 있거나 포장을 따로해주시면 좋을텐데별도로 포장하느라 애를 좀 먹었네요 그거 빼면 배송 빠르고 좋아요
2018-01-15,4,선물용으로 좋아요 연말 선물용으로 샀어요매년 전통술로 선물하는데 올해는 어른들이 더 좋아하시네요좋은술은 어디서든 알아주네요
2018-02-11,5,마음에 들어요
2018-02-06,5,조선의 명주라 책에서 많이 읽었는데 영광입니다
2018-02-13,5,완전개꿀맛
2018-02-08,5,배송이 따로와서 조금 그랬네요
2018-02-08,5,남편이 엄청 좋아해서 샀어요 ㅎㅎ
2018-02-28,3,굿굿 좋네요요
2018-02-09,5,선물잘할께요
2018-02-07,5,선물하려고 샀어요
2018-01-31,5,빠른배송입니다 한약향이 호불호가 심합니다
2018-02-10,5,좋습니다요
2018-02-05,5,맛이 좋습니다
2018-02-01,5,빠르고 안전하게 배송 잘 왔어요
2018-01-28,5,배송도 빠르고 안전하게 포장되서 왔네요
2018-02-07,5,맛있네요
2018-01-27,5,감동적이네요 감사합니다
2018-02-13,5,좋아혀ㅕㅕ
2018-01-14,3,배송이 필요한날 조마조마하게 도착했어요선물 받은신 분이 좋아하셔서 다행이었습니다
2018-01-28,5,아주 좋습니다 많이 파세요
2018-01-28,5,ㅎ좋아요 맘에들어요
2018-01-26,5,향이 정말 좋아요
2018-02-18,5,맛있습니다
2017-12-28,5,부모님선물 부모님 새해 선물로 구매했습니다 부모님이 좋아하실듯 하네요 배송도빠르고 포장도 깔끔하게 잘왔네요 번창하세요
2018-01-26,3,배송빨라요
2017-12-30,5,감홍로라는걸 알게되어서 어느 글에서 읽고 알게된 감홍로 이강주 죽력고 신세진 분이 계셔서 연말선물로 보내드렸어요 배송만 빠르면 언제든지 또 구입하겠어요
2018-02-20,5,햐취한다
2018-01-20,5,포장 튼튼하게 잘 해주셨네요
2017-12-25,5,선물용인데 좋아요 크리스마스 선물용으로 구매했는데 도자기 용기가 깔끔하고좋네용 선물받은사람이 좋아해서 좋네용 ㅎㅎㅎ 역시 전통주가좋은것같습니다
2017-12-26,5,좋아요 빠른 배송으로 일단 좋아요맛과 향이 좋아 선물용으로 매우 좋은 거 같습니다추천합니다
2018-01-09,5,선물용으로 주문했는데 받으신 분이 너무 좋아하네요
2017-12-24,5,좋아요 아빠가 좋아하셔서 주문했는데 배송도 무척 빨리 와서 좋았어요ㅎㅎ 앞으로도 자주 주문하겠습니당
2018-01-20,5,잘사고 가요
2017-12-22,4, 선물 드린거라 맛은 모르겠네요배송은 빨랐고 잔세트 상품이 없어서 아쉽네요또 구매하겠습니다
2017-12-25,5,병이 예뻐요 선물하기 좋은거 같아요다만 겉에 포장은 다시 해야합니다
2018-01-01,5,안전하게 잘 배송되었으나 선물포장이 아쉬웠습니다
2017-12-18,3,선물용으로는 있어보여서 좋기합니다 다만 양이 적다보니 여러사람들과 함께하기에는 부족한면이 있습니다 
2018-01-07,5,너무 맛있게 잘 먹었습니다
2017-11-26,4,감홍로 조별과제 때문에 구입해서먹었는데 독하긴해도 맛이 깔끔하더군요 전통주 네병 구입했었는데 이 술이 그중에 으뜸으로 뽑혔습니다
2018-01-03,5,배송 빠릅니다감사합니다
2018-01-08,5,선물용입니다
2017-12-19,5,선물하려고 구매햇어요 일단 병이 고급지고 예쁘고 상자도 깔끔해서 선물하기 좋겟어요
2017-12-28,5,배송도빠르고 선물용으로 좋아요
2017-12-27,5,선물용으로 샀는데 배송도 빠르고 상품도 만족합니다
2017-12-20,3,국산주 2번째 국산주 입니다죽력고는 맛이 좋았습니다2번째로 감홍로를 시켜서먹으려고 해여맛을 기대하고 있어여
2017-12-17,5,추천합니다 배송도 빠르고 포장도 잘되어서 왔네요 정말 추천합니다 다음에 다시 구매 하겠습니다
2017-12-30,5,받은 분이 좋아하셔서 좋았습니다
2017-12-24,3,좋아요선물용으로
2018-01-03,5, 만족합니다
2017-12-24,5,배송이 무척 빨라요 감사합니다
2017-11-29,5,제목을 입력하세요좋아요 완전 마음에 듭니다 좋아요 ㅋㅋㅋ 조선삼대명주인가요 기대됩니다 친구들이랑 술파티 할때 쓰려고 주문햇어요 배송도 빨랐어요
2017-12-26,5,빠른 배송 감사합니다
2018-01-29,5,ㄴㅇㅁㄹㄴㅁㅇㄹ ㅁㄴㅇㄻㄴㅇㄹㄴㅁㅇㄻㄴㅇㄻㄴㅇㄻㄴㅇㄹㅁㄴㅇㄻㄴㅇㄻㄴㅇㄻㄴㅇㄻㄴㅇㄻㄴㅇㄹㄴㅇㅁㄻㄴㅇㄻㄴㅇㄹㄴㅁㅇㄻㄴㅇㄻㄴㅇㄻㄴㅇㄻㄴㅇㄻㄴㅇㄻㄴㄹ
2018-01-29,5,ㅇㄹㄴㅇㄹㅇㄴㅁㄹㄴㅇㅁㄻㄴㅇㄹㄴㅁㅇㄹㄴㅁㅇㄹㄴㅁㅇㄹㄴㅇㅁㄹㄴㅁㅇㄻㄴㅇㄻㄴㅇㄻㄴㅇㄹㅁㄴㅇㄻㄴㅇㄻㄴㅇ
2017-12-25,5,선물로 줬는데 좋아하시네요
2017-12-17,3,향맛 모두 좋았으나 목넘김맛은 거북 했음 즉자주 땡기는 술은 아님
2017-12-10,5,배송 빠르고 좋습니다만 선물용 종이가방도 같이 넣어줬으면 더 좋았을 것 같다라는 생각이 듭니다
2017-12-20,5,배송도 빠르고 아주 좋습니다
2017-12-17,5,포장도 잘되어있꼬 좋은거 같아요
2017-12-22,3,배송 빠릅니다
2017-12-18,5,선물드렸더니 좋아하시네요
2017-12-17,5,선물로 줬는데 맛있다고 합니다
2017-12-14,5,할머니 기일에 쓰려고 구매했는데 좋아요
2017-12-12,5,깔끔하게포장되어서왔네오 만족합니당
2017-12-17,2,배송이 너무 느려요
2017-12-12,5,배송이 빠르고 안전하게 왔습니다
2017-12-20,3,아직 개봉전
2017-12-11,5,향이 참 좋습니다
2018-01-08,5,츄천합니다
2017-11-18,5,고급집지낟 선물용으로 손색없는듯 합니다 ㅊ차례나 제사때도 좋을것 같네요 우선 포장이 좋네요 아직 먹어보지는 못했습니다 좋은사람과 먹고싶어서 두고있네요
2017-12-07,5,남편 주려고샀는데 엄청 도수가 높다고하네요 잘 마시겠습니다 
2017-12-16,5,잘받었습니다
2017-11-20,5,잘받았습니다 잘 받았습니다 배송 빠르게 받았습니다 아직 마셔보진 않앗는데 조만간 마셔보겟습니다  수고하세요
2017-12-02,5,먹어보진 않았는데 포장도 깔끔하고 병도 예뻐요
2017-12-03,5,깨질까봐 걱정했던 우려가포장을 보는 순간 감사함으로 
2017-11-14,5,2병 주문했는데 각개 포장해주시고 안전하게 뽁뽁이 잘감싸서다시 큰 박스포장해주셨네요파손없이 잘 배송되서 좋았습니다
2017-10-30,5,잘 받았습니다 술은 마시기 전이나 배송상태는 훌륭했습니다장인어른과 함께 마시기 위해 구매했는데병에 가득 차있지는 않고아 이게 400미리구나하는 허탈함이 있는 양 입니다병은 실물이 더욱 고급스러우니 참고바랍니다
2017-11-07,5,좋아여 무엇보다 향이 넘 좋아요병도예쁘고 고급스러워요버리기아까운병산 다음날 다 먹었어요좋은자리에 좋은술
2017-11-22,3,배송이 조금 늦었고 배송준비중인 상태에서 배송이 도착해서 좀 놀라긴 했어요 ㅋㅋ
2017-11-08,5,선물용으로 구매했습니다 3중으로 꼼꼼하게 포장해서 보내주셨고 아침에 주문했더니 바로 다음날 받았습니다 완전 대만족이예요
2017-11-27,5,아버지 생신 선물로 구매 
2017-11-29,5,좋아요 ㅋㅋ
2017-11-15,5,선물용 쇼핑백넣어주셨음 더좋았을텐데 조금아쉬웠음요
2017-11-26,5,이거 맛잇급니다
2017-11-21,5,아직 안마셔봤지만 기대됩니다
2017-11-14,5,입안에 퍼지는 향이 정말 좋은 우리술입니다
2017-11-18,5,향이 좋아요
2017-11-22,5,병이 이쁘네요
2017-11-01,5, 신랑이 너무나 먹고싶어하던 술이네요 선물로 사줬더니 아껴먹어야겠다며 좋아했어요 ㅎ 많이파세요
2017-11-19,5,빠른 배송 좋습니다
2017-10-20,5,물건 잘 받았습니다  아버지 추석 선물로 드렸는데 많이 좋아하시더라고요 용량은 작지만 숙취도 없고 감홍로만의 매력이 있네요
2017-11-18,5,고급집니다
2017-11-11,5,외국분선물로 샀어요
2017-10-24,5,선물용이어서 맛은못봤지만 후기에 병만왔다고해서 선물어케하나했는데 박스네 담아져서 와서 다행이었어요
2017-11-01,5,남자친구 아버님 선물로 드럈는디 괜찮은거 같아요
2017-12-08,3,ㅇㄴㄴㄴ ㅋㅎㅋㅎㅋㄹㅁㄹㄴㅎㅁㅎㅈㅎㅅㅋㅅㅋㅅㅁㅅㅈㅎㅎㄴㅎ눀ㅅ묘묜ㄹㄴㅎ툥셚ㄴㅎㄴㅎㅋㅎㅋㅎㅁㅎㄴㅎㄴㅎㅎㅋㅎㅋㅎㅋㅅ
2017-11-10,3,내용물이 정말 적네요
2017-11-09,5,역시 전통주가 좋네요
2017-11-07,5,향도좋고 병도예쁘고 
2017-10-22,5,이몽룡과 춘향이가 이별주로 마셨다는 이야기가 매력적이라 소장하고 싶었습니다 감사합니다
2017-10-16,5,추석에 동태전이랑 먹었는데 깔끔하면서 그윽한 향이 마음에 들었습니다 선물로 지인에게 드렸는데 병이 멋진 것 처럼 포장에 더 신경쓰시면 자주 찾을 듯 합니다 
2017-10-30,5,꼼꼼하게 포장되어 안전하게 배송되었습니다
2017-10-20,5,선물용이라 맛은 못봤지만 병도이쁘고 가격도 그렇고 선물용으로는 좋은듯 하네요
2017-11-04,5,기대됩니다
2017-11-01,5,잘받았어요
2017-11-20,5,잛다앗습니다
2017-10-02,5,맛있네요첫맛은 톡쏘고 싸한맛이고두번째 맛은 싸하면서 달달하고세번째 맛은 속이 따뜻하면서 달달하네요다음에 또시키겠습니다
2017-10-16,5,아직 포장도 안 뜻었지만 ㅎ 잘 받았습니다
2017-09-21,3,선물용이라 맛은 못 봤지만 남자친구 아버지께 선물용으로 샀어요 그런데 박스 디자인이 너뮤 싼티나서 열어보자마자 깜짝 놀랐어요 ㅠㅠ 정성스레 깨지지 말라고 해주신 건 정말 감사했어요
2017-09-30,4,추석선물로샀어요 시아버님추석선물로구매했어요아직먹어보진않았는데병이고급스러워서좋아보여요맛있으면재구매할께요
2017-09-27,5,포장을 잘해주시네요 혹시나 모를 깨짐을 위해서 박스를 이중으로 포장 해주셨구요 겹겹히 에어가드 해주셔서 안전하게 깔끔하게 잘왔습니다
2017-10-20,5,물건 잘 받았습니다
2017-09-27,4,좋습니다 전통주에 관심이 있어 맛보고 모으고있는데 도자기라 고급지고 좋습니다선물한거라 맛은 못봤지만 다음에는 주문해서 먹어봐야겠네요
2017-09-24,5,조앙ㅎ아옹 예단 용으로 주문핸느데 술벼오 고급스럽고 너무 좋네요 포장 예쁘게해서 가져갈게요 재구매 의사 있습니다
2017-10-13,5,괜춘하네요 병이쁘고
2017-09-29,3,술병을 담을 쇼핑백이 없음 술 자체는 불만사항 없으나대개 선물용으로 구입할텐데물건을 담을 쇼핑백이나 가방 등이 동봉 되었으면 더 좋았을 듯 합니다
2017-09-18,5,꼼꼼 꼼꼼한포장이우선먼저보였구요꺼내보니흰병이너무 고급져보였어요선물할거라맛은못봤지만선물하기좋아요
2017-09-29,3,아직 아직 마시지 않아어느정도인지 모름 다만3대명주라고 하니기대하고 이ㅆ어요죽력고랑 틀리게 어떤 맛
2017-09-29,5,빠른 배송 과 안전한 포장 너무 좋아요 
2017-09-29,3,선물용인데 쇼핑백이나 가방 같은게 없음
2017-09-28,3,선물용으로 삿는데 잘쓰겠습니다
2017-09-27,5,선물용으로 샀는데 너무 좋네요
2017-09-21,3,보자마자 넘 놀랐어요 박스 디자인이 너무 싼티 나서 ㅠㅠㅠㅠ 
2017-09-27,5,선물로드렸는데 고급지고 좋습니다
2017-09-27,5,박스를 이중포장해주셔서 깔끔하게 왔습니다
2017-09-28,5,배송 상품 만족합니다
2017-08-31,5,선물용으로 좋네요 회사에 떠나는 분이 있어서 선물로 구입했습니다나름 의미가 있는 선물이라 받는분도 좋아하셨구요가격도 적당해서 좋은듯
2017-09-30,5,빠르고좋습니다
2017-09-11,5,아버지 생신 선물로 드렸습니다맛이 궁금했는데 저는 맛을 못 봐서 아쉬워요
2017-09-24,5,예단주로 주문했어요
2017-09-20,3,향이 독특하다네요
2017-09-18,5,기분좋은술
2017-09-16,5,정말 독특하고 좋네요
2017-08-18,5,배송도 괜찮았고2중3중 포장으로 손상하나도 없었고병은 아기자기한것이 대체로 이쁘다는 평이었음선물드렸더니매우 좋아하셨음
2017-08-18,5, 배송 빠르고요 유명한 감홍로는 뜻깊은 기념일에 가족들과 함께 하렵니다 감사합니다 가끔 애용하겠습니다
2017-08-31,5,선물용으로 샀어요
2017-08-24,5,향기롭고 맛 좋습니다 외국 술 보다 좋습니다
